statement_code,records
no-individual-or-entity-with-signficant-control,476879
all-beneficial-owners-identified,30100
nobody-has-become-or-ceased-to-be-a-beneficial-owner,29235
psc-details-not-confirmed,7410
steps-to-find-psc-not-yet-completed,5683
psc-exists-but-not-identified,4264
no-beneficial-owner-identified,3210
steps-to-find-psc-not-yet-completed-partnership,2637
no-individual-or-entity-with-signficant-control-partnership,1875
somebody-has-become-or-ceased-to-be-a-beneficial-owner,1673
psc-contacted-but-no-response,1493
awaiting-confirmation-from-psc,855
psc-details-not-confirmed-partnership,582
at-least-one-beneficial-owner-unidentified,441
psc-exists-but-not-identified-partnership,364
restrictions-notice-issued-to-psc,55
psc-has-failed-to-confirm-changed-details,30
information-not-provided-for-at-least-one-beneficial-owner,<10
at-least-one-beneficial-owner-unidentified-and-information-not-provided-for-at-least-one-beneficial-owner,<10
psc-contacted-but-no-response-partnership,<10
change-beneficial-owner-relevant-period,<10
