concept,observations,companies,kind,units,context_kind,pct_numeric_null,example_values
Equity,6327,1935,numeric,EUR; GBP; USD,instant,0.51,"[""0"",""100,000"",""33,454""]"
Creditors,3732,1424,numeric,EUR; GBP; USD,instant,4.56,"[""0"",""110,634"",""90,641""]"
NetAssetsLiabilities,3129,1692,numeric,EUR; GBP; USD,instant,0.35,"[""0"",""66,546"",""57,362""]"
AverageNumberEmployeesDuringPeriod,3005,1686,numeric,GBP; pure,duration,2.13,"[""0"",""7"",""4""]"
NetCurrentAssetsLiabilities,2967,1596,numeric,EUR; GBP; USD,instant,0.61,"[""0"",""101,028"",""40,110""]"
TotalAssetsLessCurrentLiabilities,2812,1495,numeric,GBP; USD,instant,0.60,"[""0"",""116,546"",""57,362""]"
CurrentAssets,2735,1456,numeric,EUR; GBP; USD,instant,1.43,"[""211,662"",""130,751"",""447,070""]"
NameEntityOfficer,2691,1940,non_numeric,,duration,100.00,"[""J D S Hartley"",""Mr Neil Conwell"",""Mrs A Camm""]"
DirectorSigningFinancialStatements,2687,1992,non_numeric,,duration,100.00,"["""",""J A Eite""]"
PropertyPlantEquipment,2330,509,numeric,GBP,instant,5.58,"[""15,518"",""17,252"",""2,955""]"
EndDateForPeriodCoveredByReport,2241,1993,non_numeric,,instant,100.00,"[""2021-05-31"",""2021-04-30"",""30.4.21""]"
BalanceSheetDate,2135,1862,non_numeric,,instant,100.00,"[""31 May 2021"",""30 April 2021"",""30.4.21""]"
StartDateForPeriodCoveredByReport,2019,1993,non_numeric,,instant,100.00,"[""2020-06-01"",""2020-05-01"",""1.5.20""]"
EntityCurrentLegalOrRegisteredName,1993,1993,non_numeric,,duration,100.00,"[""SKIPTON MILL COMPANY LIMITED(THE)"",""C W W ENGINEERS SUPPLY COMPANY LIMITED"",""A.Camm Limited""]"
UKCompaniesHouseRegisteredNumber,1993,1993,non_numeric,,duration,100.00,"[""00003467"",""0500762"",""00691607""]"
AccountsTypeFullOrAbbreviated,1992,1992,non_numeric,,duration,100.00,"["""",""Full Accounts"",""AbridgedAccounts""]"
DateAuthorisationFinancialStatementsForIssue,1992,1992,non_numeric,,instant,100.00,"[""19 January 2022"",""14 January 2022"",""6 October 2021""]"
EntityDormantTruefalse,1992,1992,non_numeric,,duration,100.00,"[""false"",""true"",""""]"
EntityTradingStatus,1992,1992,non_numeric,,duration,100.00,"["""",""The company was trading for the entire period"",""Trading""]"
AccountingStandardsApplied,1991,1991,non_numeric,,duration,100.00,"["""",""The accounts were prepared in accordance with FRS102A"",""The accounts were prepared in accordance with frs102""]"
AccountsStatusAuditedOrUnaudited,1991,1991,non_numeric,,duration,100.00,"["""",""The accounts have been audited"",""With an accountants report""]"
StatementThatAccountsHaveBeenPreparedInAccordanceWithProvisionsSmallCompaniesRegime,1986,1986,non_numeric,,duration,100.00,"[""The accounts have been prepared in accordance with the micro-entity provisions and delivered in accordance with the pro…"",""These financial statements have been prepared and delivered in accordance with the provisions applicable to companies s…"",""The financial statements have been prepared and delivered in accordance with the provisions applicable to companies sub…""]"
StatementThatDirectorsAcknowledgeTheirResponsibilitiesUnderCompaniesAct,1983,1983,non_numeric,,duration,100.00,"[""The directors acknowledge their responsibilities for complying with the requirements of the Companies Act 2006 with res…"",""The director acknowledges his responsibilities for complying with the requirements of the Companies Act 2006 with respe…"",""The directors acknowledge their responsibilities for:(a)ensuring that the company keeps accounting records which comply…""]"
StatementThatMembersHaveNotRequiredCompanyToObtainAnAudit,1962,1962,non_numeric,,duration,100.00,"[""The members have not required the company to obtain an audit in accordance with section 476 of the Companies Act 2006."",""T"",""The members have not required the company to obtain an audit of its financial statements for the year ended 30 April 20…""]"
NameProductionSoftware,1922,1922,non_numeric,,duration,100.00,"[""Companies House"",""CCH Software"",""IRIS Accounts Production""]"
AccumulatedDepreciationImpairmentPropertyPlantEquipment,1847,466,numeric,GBP,instant,2.87,"[""108,156"",""70,447"",""202,762""]"
PropertyPlantEquipmentGrossCost,1807,489,numeric,GBP,instant,2.88,"[""112,096"",""70,447"",""220,014""]"
LegalFormEntity,1702,1361,non_numeric,,duration,100.00,"["""",""private company, limited by shares"",""private company, limited by guarantee""]"
StatementThatCompanyEntitledToExemptionFromAuditUnderSection477CompaniesAct2006RelatingToSmallCompanies,1586,1586,non_numeric,,duration,100.00,"[""For the year ending 31 May 2021 the company was entitled to exemption under section 477 of the Companies Act 2006 relat…"",""For the financial year ended 30 April 2021 the company was entitled to exemption from audit under section 477 of the Co…"",""The company is entitled to exemption from audit under Section 477 of the Companies Act 2006 for the year ended 30 April…""]"
CashBankOnHand,1544,828,numeric,EUR; GBP,instant,0.84,"[""113,328"",""62,896"",""274,182""]"
FixedAssets,1523,806,numeric,GBP,instant,6.89,"[""-"",""6,222,904"",""6,227,607""]"
ReportTitle,1231,1231,non_numeric,,duration,100.00,"[""UNAUDITED FINANCIAL STATEMENTS"",""Unaudited Financial Statements for the Year Ended 30 April 2021"",""ANNUAL REPORT AND FINANCIAL STATEMENTS""]"
Debtors,1199,575,numeric,EUR; GBP,instant,3.92,"[""58,834"",""61,055"",""172,888""]"
VersionProductionSoftware,1170,1170,non_numeric,,duration,100.00,"[""CCH Accounts Production 2021.300"",""v21.3.0.583"",""CCH Accounts Production 2021.200""]"
CountryFormationOrIncorporation,1042,1042,non_numeric,,duration,100.00,"["""",""Diamond Coatings Limited is a private company limited by shares incorporated in England & Wales, company number 0443763…""]"
OtherCreditors,945,440,numeric,EUR; GBP,instant,3.07,"[""338"",""637"",""235,755""]"
IncreaseFromDepreciationChargeForYearPropertyPlantEquipment,872,421,numeric,GBP,duration,2.75,"[""985"",""0"",""1,734""]"
ApplicableLegislation,859,626,non_numeric,,duration,100.00,"[""""]"
DescriptionPrincipalActivities,852,852,non_numeric,,duration,100.00,"[""No description of principal activity"",""The principal activity of the company continued to be that of retail and wholsesale distribution of natural and health …"",""The principal activity of the company is Taxi operators.""]"
AddressLine1,765,758,non_numeric,,duration,100.00,"[""3rd Floor"",""10 Central Avenue"",""Coole and Haddock Solictors""]"
PostalCodeZip,763,755,non_numeric,,duration,100.00,"[""NG1 6EE"",""YO42 1NR"",""RH12 1DZ""]"
PrincipalLocation-CityOrTown,729,722,non_numeric,,duration,100.00,"[""Nottingham"",""York"",""Horsham""]"
StatementComplianceWithApplicableReportingFramework,700,700,non_numeric,,duration,100.00,"[""These financial statements have been prepared in accordance with FRS 102 “The Financial Reporting Standard applicable i…"",""These financial statements have been prepared in accordance with Financial Reporting Standard 102 \""The Financial Report…"",""These financial statements have been prepared in accordance with Financial Reporting Standard 102 Section 1A - 'The Fin…""]"
TradeCreditorsTradePayables,640,338,numeric,GBP,instant,7.03,"[""4,538"",""4,699"",""1,016,537""]"
DescriptionBodyAuthorisingFinancialStatements,634,634,non_numeric,,duration,100.00,"[""Board of Directors"",""director"",""Board""]"
DescriptionDepreciationMethodForPropertyPlantEquipment,613,284,non_numeric,,duration,100.00,"[""Depreciation is recognised so as to write off the cost or valuation of assets less their residual values over their use…"",""25% Reducing Balance Method"",""15% on reducing balance""]"
CalledUpShareCapitalNotPaidNotExpressedAsCurrentAsset,581,327,numeric,GBP,instant,16.52,"[""-"",""403"",""1000""]"
ProvisionsForLiabilitiesBalanceSheetSubtotal,532,282,numeric,GBP,instant,5.08,"[""0"",""591,696"",""521,181""]"
AddressLine2,528,522,non_numeric,,duration,100.00,"[""Butt Dyke House"",""Airfield Estate"",""14 Carfax""]"
ScopeAccounts,528,528,non_numeric,,duration,100.00,"[""""]"
RevenueRecognitionPolicy,523,523,non_numeric,,duration,100.00,"[""Turnover is recognised at the fair value of the consideration received or receivable for goods and services provided in…"",""Turnover represents rental income and service charges receivable in the year, excluding value added tax. Rental income …"",""Turnover comprises the fair value of the consideration received or receivable for the sale of goods and provision of se…""]"
BankBorrowingsOverdrafts,516,190,numeric,GBP,instant,18.60,"[""60,359"",""42,883"",""50,000""]"
PrincipalCurrencyUsedInBusinessReport,501,501,non_numeric,,duration,100.00,"["""",""£ sterling""]"
OtherDebtors,486,261,numeric,EUR; GBP,instant,6.17,"[""40,000"",""17,500"",""26,094""]"
DescriptionShareType,481,423,non_numeric,,duration,100.00,"[""Ordinary"",""Ordinary shares"",""ordinary shares""]"
FinancialStatementsArePreparedOnGoing-concernBasisTruefalse,470,469,non_numeric,,duration,100.00,"[""Atrue"",""true"",""The accounts have been prepared on the going concern basis as the director will provide sufficient funds to enable the …""]"
ParValueShare,468,417,numeric,EUR; GBP; pure; shares,duration,0.00,"[""1.00000"",""1"",""1.00""]"
OtherTaxationSocialSecurityPayable,467,244,numeric,GBP,instant,3.85,"[""26,970"",""18,427"",""145,893""]"
TradeDebtorsTradeReceivables,442,235,numeric,EUR; GBP,instant,4.75,"[""58,834"",""61,055"",""941,046""]"
AccruedLiabilitiesNotExpressedWithinCreditorsSubtotal,432,236,numeric,GBP,instant,4.40,"[""0"",""2,100"",""2,600""]"
CompanyHasPublishedCommitmentToUKEffectiveStewardshipCodeTruefalse,416,416,non_numeric,,duration,100.00,"[""false""]"
InvestmentEntityRequiredToApplyExceptionFromConsolidationTruefalse,416,416,non_numeric,,duration,100.00,"[""false""]"
TaxPolicy,411,411,non_numeric,,duration,100.00,"[""The tax expense represents the sum of the tax currently payable and deferred tax."",""Taxation for the year comprises current and deferred tax. Tax is recognised in the Income Statement, except to the exte…"",""The tax expense for the period comprises current and deferred tax. Tax is recognised in profit or loss, except that a c…""]"
TotalInventories,404,211,numeric,GBP,instant,5.45,"[""39,500"",""6,800"",""1,761,869""]"
StatementThatCompanyEntitledToExemptionFromAuditUnderSection480CompaniesAct2006RelatingToDormantCompanies,400,400,non_numeric,,duration,100.00,"[""For the year ending 31 December 2021 the company was entitled to exemption under section 480 of the Companies Act 2006 …"",""For the year ending 31 March 2021 the company was entitled to exemption under section 480 of the Companies Act 2006 rel…"",""For the year ending 30 April 2021 the company was entitled to exemption under section 480 of the Companies Act 2006 rel…""]"
CountyRegion,398,392,non_numeric,,duration,100.00,"[""East Yorkshire"",""West Sussex"",""Middlesex""]"
NameEntityAccountants,394,381,non_numeric,,duration,100.00,"[""HSKS Greenhalgh"",""Whitnalls"",""Barber & Company""]"
DefinedBenefitPlanMulti-employerPlanTruefalse,388,388,non_numeric,,duration,100.00,"[""false""]"
ReportPeriod,380,380,non_numeric,,duration,100.00,"[""""]"
PrepaymentsAccruedIncomeNotExpressedWithinCurrentAssetSubtotal,341,190,numeric,GBP; USD,instant,31.67,"[""-"",""4,794"",""4,180""]"
CompanyHasActedAsAnAgentDuringPeriodTruefalse,338,338,non_numeric,,duration,100.00,"[""false"",""true""]"
TotalAdditionsIncludingFromBusinessCombinationsPropertyPlantEquipment,332,169,numeric,GBP,duration,16.27,"[""29,168"",""329"",""4,350""]"
AccruedLiabilitiesDeferredIncome,331,177,numeric,GBP; USD,instant,4.83,"[""5,000"",""7,320"",""130,397""]"
GeneralDescriptionBasisMeasurementUsedInPreparingFinancialStatements,330,330,non_numeric,,duration,100.00,"[""The financial statements have been prepared under the historical cost convention, modified to include the revaluation o…"",""These financial statements have been prepared using the historical cost convention except that as disclosed in the acco…"",""These financial statements have been prepared in accordance with the provisions of Section 1A (Small Entities) of Finan…""]"
DescriptionMeasurementBasisForPropertyPlantEquipment,329,283,non_numeric,,duration,100.00,"[""Tangible fixed assets"",""Depreciation is provided at the following annual rates in order to write off each asset over its estimated useful life."",""Depreciation is charged so as to write off the cost of assets, other than land and properties under construction over t…""]"
NumberSharesAllotted,326,304,numeric,shares,duration,0.00,"[""1000"",""5"",""2""]"
CorporationTaxPayable,325,168,numeric,GBP,instant,6.77,"[""13,429"",""16,675"",""32,724""]"
PropertyPlantEquipmentPolicy,298,253,non_numeric,,duration,100.00,"[""Tangible assets are stated in the balance sheet at cost, less any subsequent accumulated depreciation and subsequent ac…"",""Tangible fixed assets are measured at cost less accumulative depreciation and any accumulative impairment losses. Depre…"",""Depreciation is provided at the following annual rates in order to write off each asset over its estimated useful life:…""]"
DeferredTaxPolicy,297,297,non_numeric,,duration,100.00,"[""Deferred tax liabilities are generally recognised for all timing differences and deferred tax assets are recognised to …"",""Deferred tax is recognised in respect of all timing differences that have originated but not reversed at the balance sh…"",""Deferred tax is recognised in respect of all timing differences between taxable profits and profits reported in the fin…""]"
EntityHasClaimedExemptionFromReportingDisclosureRelatedPartyTransactionsForWholly-ownedEntitiesTruefalse,289,289,non_numeric,,duration,100.00,"[""true"",""false""]"
TaxationSocialSecurityPayable,276,155,numeric,EUR; GBP,instant,3.62,"[""11,970"",""14,705"",""15,093""]"
EntityHasTakenExemptionUnderCompaniesActInNotPublishingItsOwnProfitLossAccountTruefalse,273,273,non_numeric,,duration,100.00,"[""The director of the company has elected not to include a copy of the profit and loss account within the financial state…"",""true"",""The director of the company have elected not to include a copy of the profit and loss account within the financial stat…""]"
AdditionsOtherThanThroughBusinessCombinationsPropertyPlantEquipment,268,114,numeric,GBP,duration,4.10,"[""290,909"",""0"",""10,607""]"
IntangibleAssets,251,73,numeric,GBP,instant,10.36,"[""0"",""7,910"",""10,549""]"
NumberSharesIssuedFullyPaid,230,119,numeric,shares,instant,0.00,"[""5,000"",""100"",""2""]"
InventoriesPolicy,199,199,non_numeric,,duration,100.00,"[""Stocks are stated at the lower of cost and estimated selling price less costs to complete and sell. Cost comprises dire…"",""Stocks are stated at the lower of cost and estimated selling price less costs to complete and sell"",""At each reporting date, an assessment is made for impairment. Any excess of the carrying amount of stocks over its esti…""]"
FunctionalPresentationCurrencyPolicy,185,185,non_numeric,,duration,100.00,"[""The presentation currency of the financial statements is the Pound Sterling (£)."",""The accounts are presented in £ sterling."",""The functional and presentational currency of the company is Sterling. The accounts are rounded to the nearest pound.""]"
AddressLine3,181,181,non_numeric,,duration,100.00,"[""33 Park Row"",""Pocklington"",""Bessborough Road""]"
ProfitLoss,177,91,numeric,GBP,duration,0.56,"[""69,711"",""56,184"",""503,678""]"
AccruedLiabilities,174,93,numeric,GBP,instant,4.60,"[""950"",""1,305"",""6,342""]"
IntangibleAssetsGrossCost,171,77,numeric,GBP,instant,0.58,"[""555,000"",""51,417"",""7,500""]"
DefinedContributionPensionsPolicy,170,170,non_numeric,,duration,100.00,"[""Payments to defined contribution retirement benefit schemes are charged as an expense as they fall due."",""The company operates a defined contribution pension scheme. Contributions payable to the company's pension scheme are c…"",""Contributions to defined contribution plans are expensed in the period to which they relate.""]"
FinanceLeaseLiabilitiesPresentValueTotal,169,44,numeric,GBP,instant,9.47,"[""0"",""5,417"",""3,911""]"
AccumulatedAmortisationImpairmentIntangibleAssets,162,68,numeric,GBP,instant,4.32,"[""555,000"",""40,868"",""43,507""]"
CashCashEquivalentsPolicy,147,147,non_numeric,,duration,100.00,"[""Cash and cash equivalents"",""Cash at bank and in hand"",""Cash and cash equivalents comprise cash on hand and call deposits, and other short-term highly liquid investments that …""]"
BankBorrowings,141,74,numeric,GBP,instant,3.55,"[""1,398,521"",""1,487,672"",""39,374""]"
CurrentIncomeTaxPolicy,141,141,non_numeric,,duration,100.00,"[""The tax currently payable is based on taxable profit for the year. Taxable profit differs from net profit as reported i…"",""The current income tax charge is calculated on the basis of tax rates and laws that have been enacted or substantively …"",""The taxation expense represents the aggregate amount of current and deferred tax recognised in the reporting period. Ta…""]"
EntityHasClaimedExemptionFromReportingDisclosureKeyManagementPersonnelCompensationTruefalse,133,133,non_numeric,,duration,100.00,"[""true"",""false""]"
GeneralDescriptionAnyOff-balanceSheetArrangementsIncludingNaturePurposeFinancialImpactOnEntity,122,122,non_numeric,,duration,100.00,"[""No"",""COVID-19At the date of approval of the accounts it has not been possible to quantify or ascertain with any certainty an…"",""Since the end of December 2019, there has been an outbreak of coronavirus (Covid-19). On 12th March 2020 the WHO declar…""]"
ForeignCurrencyTranslationOperationsPolicy,113,113,non_numeric,,duration,100.00,"[""Transactions in currencies other than pounds sterling are recorded at the rates of exchange prevailing at the dates of …"",""Transactions in foreign currencies are initially recorded at the functional currency rate prevailing at the date of the…"",""Assets and liabilities in foreign currencies are translated into sterling at the rates of exchange ruling at the balanc…""]"
PrepaymentsAccruedIncome,109,58,numeric,GBP,instant,8.26,"[""97,744"",""87,718"",""102""]"
FinancialInstrumentsClassificationPolicy,102,102,non_numeric,,duration,100.00,"[""The company has elected to apply the provisions of Section 11 ‘Basic Financial Instruments’ and Section 12 ‘Other Finan…"",""The company only has basic financial instruments measured at amortised cost."",""The company only enters into basic financial instruments transactions that results in the recognition of financial asse…""]"
DateAuditorsReport,101,100,non_numeric,,instant,100.00,"[""14 January 2022"",""18 October 2021"",""04 January 2022""]"
InvestmentsFixedAssets,100,52,numeric,GBP,instant,4.00,"[""14,641"",""0"",""-""]"
FinancialInstrumentsRecognitionMeasurementPolicy,97,97,non_numeric,,duration,100.00,"[""Basic financial assets, which include debtors and cash and bank balances, are initially measured at transaction price i…"",""Financial instruments are classified and accounted for, according to the substance of the contractual arrangement, as e…"",""Unlisted investments are recognised initially at fair value less attributable transaction costs. Subsequent to initial …""]"
FutureMinimumLeasePaymentsUnderNon-cancellableOperatingLeases,97,24,numeric,GBP,instant,5.15,"[""91,953"",""7,572"",""0""]"
LoansFromDirectors,96,55,numeric,GBP,instant,9.38,"[""20,242"",""25,704"",""7,434""]"
StatementThatMembersHaveAgreedToPreparationAbridgedAccountsUnderSection444CompaniesAct2006,95,95,non_numeric,,duration,100.00,"[""All the members have consented to the preparation of an abridged Income Statement and an abridged Balance Sheet for the…"",""The members have agreed to the preparation of abridged accounts for this accounting period in accordance with Section 4…"",""All of the company’s members have consented to the preparation of an Abridged Balance Sheet in accordance with Section …""]"
InvestmentProperty,94,46,numeric,GBP,instant,0.00,"[""6,196,255"",""89,491"",""450,000""]"
AmountsOwedToDirectors,93,54,numeric,GBP,instant,1.08,"[""696"",""12,124"",""7,260""]"
DateSigningDirectorsReport,93,93,non_numeric,,instant,100.00,"[""11 August 2021"",""23 December 2021"",""10 January 2022""]"
GovernmentGrantsOtherGovernmentAssistancePolicy,92,92,non_numeric,,duration,100.00,"[""Government grants are recognised at the fair value of the asset receive"",""The company has accessed government grants and support during the Covid-19 pandemic in relation to the Coronavirus Job …"",""Government grants are recognised at the fair value of the asset received or receivable. Grants are not recognised until…""]"
DisposalsPropertyPlantEquipment,85,41,numeric,GBP,duration,21.18,"[""38,500"",""224,137"",""3,750""]"
LeasesPolicy,85,85,non_numeric,,duration,100.00,"[""Leases are classified as finance leases whenever the terms of the lease transfer substantially all the risks and reward…"",""Rentals paid under operating leases are charged to profit or loss on a straight line basis over the period of the lease."",""Leases in which substantially all the risks and rewards of ownership are retained by the lessor are classified as opera…""]"
AdvancesCreditsDirectors,83,28,numeric,GBP,instant,10.84,"[""74"",""8,531"",""54""]"
TurnoverRevenue,82,44,numeric,GBP,duration,0.00,"[""6,822,927"",""6,833,455"",""13,700""]"
DisposalsDecreaseInDepreciationImpairmentPropertyPlantEquipment,78,38,numeric,GBP,duration,21.79,"[""97,255"",""1,641"",""9,244""]"
DirectorSigningDirectorsReport,77,75,non_numeric,,duration,100.00,"[""""]"
IntangibleAssetsPolicy,76,76,non_numeric,,duration,100.00,"[""Goodwill is normally written off against reserves over the directors' estimate of it's expected useful life of five yea…"",""Intangible fixed assets are measured at cost less accumulative amortisation and any accumulative impairment losses."",""Goodwill, being the amount paid in connection with the acquisition of a business in 2012, has been fully amortised.""]"
DateAccountantsReport,71,71,non_numeric,,instant,100.00,"[""6 October 2021"",""26 November 2021"",""20 January 2022""]"
TradePayablesPolicy,69,69,non_numeric,,duration,100.00,"[""Trade creditors are obligations to pay for goods or services that have been acquired in the ordinary course of business…"",""Short term creditors are measured at the transaction price. Other financial liabilities, including bank loans, are meas…"",""Trade and other creditors are initially recognised at fair value and thereafter stated at amortised cost using the effe…""]"
EntityHasClaimedExemptionFromPresentingCashFlowStatementNotesInLineWithFRS1021.12bTruefalse,67,67,non_numeric,,duration,100.00,"[""false"",""true""]"
InvestmentPropertyFairValueModel,67,44,numeric,GBP,instant,0.00,"[""6,196,255"",""89,491"",""450,000""]"
Prepayments,66,34,numeric,GBP,instant,10.61,"[""43,772"",""61,596"",""86,342""]"
TradeReceivablesPolicy,66,66,non_numeric,,duration,100.00,"[""Trade debtors"",""Trade debtors are amounts due from customers for merchandise sold or services performed in the ordinary course of busin…"",""Trade and other debtors are initially recognised at fair value and thereafter stated at amortised cost using the effect…""]"
TaxationIncludingDeferredTaxationBalanceSheetSubtotal,64,34,numeric,GBP,instant,1.56,"[""483,411"",""417,168"",""149""]"
OtherRemainingBorrowings,62,27,numeric,GBP,instant,8.06,"[""51,527"",""38,584"",""3,200""]"
ProvisionsPolicy,62,62,non_numeric,,duration,100.00,"[""Provisions (ie liabilities of uncertain timing or amount) are recognised when there is an obligation at the reporting d…"",""Provisions are recognised when the entity has an obligation at the reporting date as a result of a past event, it is pr…"",""Provisions are made where an event has taken place that gives the Company a legal or constructive obligation that proba…""]"
ImpairmentNon-financialAssetsPolicy,61,61,non_numeric,,duration,100.00,"[""At each reporting"",""A review for indicators of impairment is carried out at each reporting date, with the recoverable amount being estimate…"",""Assets that are subject to depreciation or amortisation are assessed at each balance sheet date to determine whether th…""]"
TaxTaxCreditOnProfitOrLossOnOrdinaryActivities,61,35,numeric,GBP,duration,1.64,"[""98,967"",""148,425"",""0""]"
NominalValueAllottedShareCapital,60,32,numeric,GBP,duration,0.00,"[""2"",""102"",""100""]"
TotalBorrowings,60,21,numeric,GBP,instant,0.00,"[""454,554"",""213,313"",""86,780""]"
EmployeeBenefitsPolicy,58,58,non_numeric,,duration,100.00,"[""The costs of short-term employee benefits are recognised as a liability and an expense, unless those costs are required…"",""The company operates a statutory pension scheme. Employer contributions payable to the company's pension scheme are cha…"",""The group operates defined contribution pension schemes. The amount charged to the profit and loss account in respect o…""]"
Value-addedTaxPayable,57,32,numeric,GBP,instant,3.51,"[""1,156"",""26,931"",""416""]"
IncreaseFromAmortisationChargeForYearIntangibleAssets,54,40,numeric,GBP,duration,1.85,"[""2,639"",""1,920"",""3,394""]"
AmountsOwedToGroupUndertakings,52,27,numeric,GBP,instant,5.77,"[""73,985"",""832,500"",""-""]"
OtherDisposalsPropertyPlantEquipment,52,22,numeric,GBP,duration,5.77,"[""0"",""70,447"",""124,092""]"
StaffCostsEmployeeBenefitsExpense,51,29,numeric,GBP,duration,0.00,"[""2,179,277"",""1,654,836"",""5,200""]"
AdministrationSupportAverageNumberEmployees,48,24,numeric,pure,duration,0.00,"[""1"",""2"",""21""]"
AdvancesCreditsMadeInPeriodDirectors,48,28,numeric,GBP,duration,12.50,"[""8,457"",""75"",""8,382""]"
OtherDisposalsDecreaseInDepreciationImpairmentPropertyPlantEquipment,48,21,numeric,GBP,duration,6.25,"[""0"",""70,447"",""43,399""]"
OtherOperatingExpensesFormat2,48,28,numeric,GBP,duration,0.00,"[""0"",""15,589"",""27,251""]"
ShareCapitalPolicy,48,48,non_numeric,,duration,100.00,"[""Ordinary shares are classified as equity. Equity instruments are measured at the fair value of the cash or other resour…""]"
BankOverdrafts,47,29,numeric,GBP,instant,2.13,"[""626"",""8,771"",""2,000""]"
FinanceLeasePaymentsOwingMinimumGross,46,10,numeric,GBP,instant,13.04,"[""3,757"",""-"",""3,554""]"
ComprehensiveIncomeExpense,45,13,numeric,GBP,duration,8.89,"[""503,678"",""1,195,773"",""4,263""]"
DescriptionAmortisationMethodForIntangibleAssets,45,33,non_numeric,,duration,100.00,"[""Goodwill, being the amount paid in connection with the acquisition of a business in 2004, is being amortised evenly ove…"",""Amortisation is provided on intangible assets so as to write off the cost, less any estimated residual value, over thei…"",""Straight Line 10%""]"
DividendsPaid,45,27,numeric,GBP,duration,0.00,"[""50,000"",""47,000"",""8,000""]"
EntityHasClaimedExemptionFromFRS102Chapters1112DisclosureRequirementsInLineWithFRS1021.12cTruefalse,45,45,non_numeric,,duration,100.00,"[""true"",""false""]"
EntityHasClaimedExemptionFromReportingCertainInformationOnShareBasedPaymentsInLineWithFRS1021.12dTruefalse,45,45,non_numeric,,duration,100.00,"[""false"",""true""]"
RawMaterialsConsumablesUsed,45,26,numeric,GBP,duration,0.00,"[""5,330"",""1,962"",""4,817""]"
EntityHasClaimedExemptionFromReportingDisclosureRelatedPartyTransactionsForGovernment-relatedEntitiesTruefalse,44,44,non_numeric,,duration,100.00,"[""false""]"
IndependentValuerWasInvolvedInRevaluationPropertyPlantEquipmentTruefalse,44,44,non_numeric,,duration,100.00,"[""false""]"
ReportAnAmendedRevisedVersionPreviouslyFiledReportTruefalse,44,44,non_numeric,,duration,100.00,"[""false""]"
ReportAnInitialFinancialStatementFromPubliclyListedEntityTruefalse,44,44,non_numeric,,duration,100.00,"[""false""]"
ReportAnInterimFinancialStatementFromPubliclyListedEntityTruefalse,44,44,non_numeric,,duration,100.00,"[""false""]"
RecoverableValue-addedTax,41,25,numeric,GBP,instant,17.07,"[""24"",""704"",""3,407""]"
DividendPolicy,40,40,non_numeric,,duration,100.00,"[""Dividend distribution to the company’s shareholders is recognised as a liability in the financial statements in the rep…"",""Equity dividends are recognised when they become legally payable. Interim equity dividends are recognised when paid. Fi…"",""Proposed dividends are only included as liabilities in the statement of financial position when their payment has been …""]"
OtherOperatingIncomeFormat2,38,23,numeric,GBP,duration,0.00,"[""0"",""51"",""1,285""]"
InvestmentPropertyPolicy,37,37,non_numeric,,duration,100.00,"[""Investment property is shown at most recent valuation. Any aggregate surplus or deficit arising from changes in fair va…"",""Investment properties are revalued annually and any surplus or deficit is dealt with through the profit and loss accoun…"",""Investment property is carried at fair value determined annually by the members and derived from the current market ren…""]"
DepreciationRateUsedForPropertyPlantEquipment,36,18,numeric,pure,duration,0.00,"[""15"",""20"",""25""]"
LesseePolicy,36,36,non_numeric,,duration,100.00,"[""A lease is classified as a finance lease if it transfers substantially all the risks and rewards incidental to ownershi…"",""Where the company enters into a lease which entails taking substantially all the risks and rewards of ownership of an a…"",""Rentals applicable to operating leases where substantially all of the benefits and risks of ownership remain with the l…""]"
ModelUsedToMeasureInvestmentProperty,35,35,non_numeric,,duration,100.00,"[""Fair value model"",""Investment property, which is property held to earn rentals and/or for capital appreciation, is initially recognised at…""]"
ProfitLossOnOrdinaryActivitiesBeforeTax,35,19,numeric,GBP,duration,0.00,"[""602,645"",""1,344,198"",""74,858""]"
DepreciationAmortisationImpairmentExpense,34,20,numeric,GBP,duration,0.00,"[""1,500"",""0"",""249""]"
Investments,34,15,numeric,GBP,instant,11.76,"[""-"",""753"",""5,000""]"
AdministrativeExpenses,33,18,numeric,GBP,duration,0.00,"[""1,122,254"",""988,310"",""249,973""]"
CorporationTaxRecoverable,33,17,numeric,GBP,instant,15.15,"[""33,811"",""55,257"",""2,378""]"
GeneralDescriptionAdvancesCreditsToDirectorsIncludingTermsInterestRates,33,33,non_numeric,,duration,100.00,"[""Loan from the company to the director. Interest charged at HMRC's official rates"",""Please note advances to directors to cover expenses, are included in other debtors."",""The directors operate current accounts. As at the year end there was a credit balance of £654 (2020 - £42 credit).""]"
GrossProfitLoss,33,18,numeric,GBP,duration,0.00,"[""1,669,514"",""2,333,944"",""299,831""]"
NameEntityAuditors,33,32,non_numeric,,duration,100.00,"[""Finnies Accountants Limited"",""Moore Kingston Smith LLP"",""Brearley & Co Accountants (Dinnington) Limited""]"
DirectorRemuneration,32,16,numeric,GBP,duration,0.00,"[""8,052"",""217,069"",""195,113""]"
OtherInvestmentsOtherThanLoans,32,15,numeric,GBP,instant,0.00,"[""300,519"",""258,019"",""9,966""]"
AdvancesCreditsRepaidInPeriodDirectors,30,22,numeric,GBP,duration,23.33,"[""2,000"",""20,260"",""22,260""]"
FinishedGoodsGoodsForResale,30,16,numeric,GBP,instant,3.33,"[""39,500"",""6,800"",""247,549""]"
OperatingProfitLoss,29,16,numeric,GBP,duration,0.00,"[""602,809"",""1,345,634"",""17,696""]"
BorrowingsPolicy,28,28,non_numeric,,duration,100.00,"[""Interest-bearing borrowings are initially recorded at fair value, net of transaction costs. Interest-bearing borrowings…"",""Interest-bearing borrowings are initially recorded at fair value. Interest expense is recognised on the basis of the ef…""]"
DescriptionRecognitionBasisMeasurementIntangibleAssets,26,25,non_numeric,,duration,100.00,"[""Intangible assets are initially measured at cost. After initial recognition, intangible assets are measured at cost les…"",""Intangible assets acquired separately from a business are recognised at cost and are subsequently measured at cost less…"",""Intangible assets are initially measured at cost. After initial recognition, intangible assets aremeasured at cost less…""]"
AccountantsReportOnFinancialStatements,25,25,non_numeric,,duration,100.00,"[""This report is made solely to the"",""It is your duty to ensure that Michele Cranstone Limited has kept adequate accounting records and to prepare statutory …"",""In order to assist you to fulfil your duties under the Companies Act 2006 as applied to limited liability partnerships …""]"
CreditorsFree-textComment,25,19,non_numeric,,duration,100.00,"[""Directors' loan accounts are interest-free and repayable on demand."",""Repayable by instalmentsBank loan more than five years £1,333 (2020: £25,558)Secured debtsSecured debts included within…"",""Bank loans are secured by a fixed and floating charge over all of the company's assets.""]"
ImpairmentFinancialAssetsPolicy,25,25,non_numeric,,duration,100.00,"[""Financial assets, other than those"",""Financial assets, other than those held at fair value through profit and loss, are assesed for indicatiors of impairmen…"",""""]"
WorkInProgress,25,13,numeric,GBP,instant,12.00,"[""275,056"",""180,260"",""30,000""]"
CostSales,24,13,numeric,GBP,duration,0.00,"[""5,153,413"",""4,499,511"",""1,232,707""]"
LessorOperatingLeasePolicy,24,24,non_numeric,,duration,100.00,"[""Rentals payable under operating leases,"",""Lease payments are recognised as an expense over the lease term on a straight-line basis. The aggregate benefit of leas…"",""Rental income from operating leases is credited to profit or loss on a straight line basis over the lease term.""]"
Provisions,24,11,numeric,GBP,instant,4.17,"[""890"",""2,432"",""1,733""]"
AmountsOwedByRelatedParties,23,12,numeric,GBP,instant,0.00,"[""3,290,790"",""2,933,819"",""1,252,037""]"
DescriptionNatureTransactionsBalancesWithRelatedParties,23,21,non_numeric,,duration,100.00,"[""loan amount is interest free and repayable on demand"",""A salary of £8,789 (2020 - £8,668) was paid to the director during the year. No dividends (2020 - £20,000) were paid to…"",""At the balance sheet date £2,208 (2020 £744) was due to Mr J A Lester and Mrs L P Lester, who are the directors and sha…""]"
InvestmentsInGroupUndertakings,23,7,numeric,GBP,instant,4.35,"[""35,351"",""16,642"",""-""]"
AmountsOwedByGroupUndertakings,22,12,numeric,GBP,instant,13.64,"[""2,493"",""2,287"",""25,391""]"
DeferredTaxLiabilities,22,8,numeric,GBP,instant,0.00,"[""1,733"",""2,432"",""11,679""]"
NameUltimateControllingPartyIfNotUltimateParent,22,22,non_numeric,,duration,100.00,"[""The company is ultimately controlled by its directors."",""Mrs J A Mason and D L Mason."",""A M C Gilbert.""]"
StatementOnScopeAccountantsReport,22,22,non_numeric,,duration,100.00,"[""In accordance with your instructions I have compiled these unaudited abridged financial statements in order to assist y…"",""This report is made solely to the director of Michele Cranstone Limited in accordance with our terms of engagement. Our…"",""It is your duty to ensure that Glanusk Events LLP""]"
PropertyPlantEquipmentFree-textComment,21,21,non_numeric,,duration,100.00,"["""",""Included within tangible fixed assets are assets under hire purchase agreements with a closing net book value of £3,001…"",""Freehold property with a deemed cost of £700,000 was reclassified from investment property to tangible fixed assets as …""]"
ReportIncludesListSubsidiariesTruefalse,21,21,non_numeric,,duration,100.00,"[""false"",""true""]"
InterestPayableSimilarChargesFinanceCosts,20,11,numeric,GBP,duration,0.00,"[""3,674"",""6,714"",""27,435""]"
AmountsOwedByDirectors,19,14,numeric,GBP,instant,0.00,"[""7,102"",""4,000"",""50""]"
DateAssumedPosition,19,11,non_numeric,,instant,100.00,"[""01/09/2009"",""28/02/2005"",""10/02/2004""]"
ReportIncludesStrategicReportTruefalse,19,19,non_numeric,,duration,100.00,"[""false"",""true""]"
StatementThatDirectorsReportHasBeenPreparedInAccordanceWithProvisionsSmallCompaniesRegime,19,19,non_numeric,,duration,100.00,"[""The above report has been prepared in accordance with the provisions applicable to companies subject to the small compa…"",""This report has been prepared in accordance with the special provisions relating to companies subject to the small comp…"",""This report has been prepared in accordance with the provisions applicable to companies entitled to the small companies…""]"
AccumulatedDepreciationNotIncludingImpairmentPropertyPlantEquipment,18,7,numeric,GBP,instant,16.67,"[""22,762"",""16,445"",""39,207""]"
EquitySecuritiesHeld,18,6,numeric,GBP,instant,11.11,"[""753"",""-"",""832""]"
NameEntityBankers,18,17,non_numeric,,duration,100.00,"[""Natwest Bank Plc"",""HSBC Bank"",""Tide""]"
NameParentEntity,18,18,non_numeric,,duration,100.00,"[""Harvey Camm Developments Limited"",""The company is controlled by the Directors."",""The company is controlled by the sole director by virtue of him owning the fully issued share capital.""]"
TotalAssets,18,10,numeric,GBP,instant,0.00,"[""2"",""164,924"",""150,378""]"
CurrentAssetInvestments,17,10,numeric,GBP,instant,0.00,"[""25,750"",""0"",""100,000""]"
GeneralDescriptionCriticalEstimatesJudgements,17,17,non_numeric,,duration,100.00,"[""Since the end of the year under review, the Covid-19 pandemic has become a significant emerging risk to the global econ…"",""In applying the Company's accounting policies, the directors are required to make judgements, estimates and assumptions…"",""In the application of the group’s accounting policies, the directors are required to make judgements, estimates and ass…""]"
IncreaseDecreaseInDepreciationImpairmentPropertyPlantEquipment,17,9,numeric,GBP,duration,0.00,"[""210"",""10,000"",""2,039""]"
JointVentureNotAccountedForUsingEquityMethodTruefalse,17,17,non_numeric,,duration,100.00,"[""true""]"
AbbreviatedAccountsAreInAccordanceWithSpecialProvisionsInSection4453CompaniesActRelatingToMedium-sizedCompaniesTruefalse,16,16,non_numeric,,duration,100.00,"[""false""]"
CurrentTaxForPeriod,16,8,numeric,GBP,duration,0.00,"[""32,724"",""33,558"",""6,687""]"
DescriptionNaturePurposeReservesWithinEquity,16,15,non_numeric,,duration,100.00,"[""Profit and loss account - This reserve records distributable retained earnings and accumulated losses."",""Revaluation reserve - reflects the revaluation of property other than investment properties."",""Profit and loss account - includes all current and prior period retained profits and losses.""]"
InvestmentsInGroupUndertakingsParticipatingInterests,16,8,numeric,GBP,instant,0.00,"[""52,154"",""53,344"",""630,102""]"
InvestmentsInSubsidiaries,16,6,numeric,GBP,instant,0.00,"[""0"",""450"",""2""]"
TotalAdditionsIncludingFromBusinessCombinationsIntangibleAssets,16,11,numeric,GBP,duration,18.75,"[""945"",""-"",""3,663""]"
TotalLiabilities,16,9,numeric,GBP,instant,0.00,"[""2"",""164,924"",""150,378""]"
AdditionsOtherThanThroughBusinessCombinationsInvestmentPropertyFairValueModel,15,15,numeric,GBP,duration,0.00,"[""777,409"",""428,420"",""58,790""]"
AmountsOwedToGroupUndertakingsParticipatingInterests,15,7,numeric,GBP,instant,6.67,"[""-"",""753"",""236,920""]"
DepreciationExpensePropertyPlantEquipment,15,8,numeric,GBP,duration,0.00,"[""114,659"",""75,386"",""162""]"
DividendsPaidOnShares,15,10,numeric,GBP,duration,0.00,"[""300,739"",""36,000"",""27,000""]"
DividendsPaidOnSharesInterim,15,3,numeric,GBP,duration,0.00,"[""6,000"",""16,000"",""11,794""]"
EmployeeInformationFree-textComment,15,15,non_numeric,,duration,100.00,"[""""]"
NameOrLocationAccountantsOffice,15,15,non_numeric,,duration,100.00,"[""10 Buko TowerSouthfieldGlenrothesFifeKY6 2SS"",""Cosmopolitan HouseOld Fore StreetSidmouthDevonEX10 8LS"",""75 Park LaneCroydonSurreyCR9 1XS""]"
NameSeniorStatutoryAuditor,15,15,non_numeric,,duration,100.00,"[""Nicholas Michael Auton (Senior Statutory Auditor)"",""Chris Neale (Senior Statutory Auditor)"",""Ian Bascombe FCA""]"
OpinionAuditorsOnEntity,15,15,non_numeric,,duration,100.00,"[""We have audited the financial statements of Power Health Products Limited (the 'company') for the year ended 30 April 2…"",""We have audited the financial statements of Panther Construction Products Limited (the 'company') for the year ended 31…"",""We have audited the financial statements of Willett & Son Holdings Limited (the 'parent company') and its subsidiaries …""]"
AmountsOwedToRelatedParties,14,7,numeric,GBP,instant,0.00,"[""62,040"",""2,980"",""57,824""]"
OtherInventories,14,8,numeric,GBP,instant,0.00,"[""34,680"",""5,468"",""16,900""]"
CalledUpShareCapitalNotPaid,13,7,numeric,GBP,instant,0.00,"[""0"",""100"",""10,000""]"
DebtorsFree-textComment,13,13,non_numeric,,duration,100.00,"[""Trade debtors disclosed above are measured at amortised cost."",""Included above is a loan of £500,000 that is unsecured. Interest on the loan is fixed at 5% per annum.Amounts owed by g…"",""""]"
DescriptionMethodsUsedToAccountForInvestmentsInSubsidiariesAssociatesJointVenturesInSeparateFinancialStatements,13,13,non_numeric,,duration,100.00,"[""Interests in subsidiaries, associates and jointly controlled entities are initially measured at cost and subsequently m…"",""Interests in subsidiaries, associates and jointly controlled entities are"",""Interests""]"
DividendPerShareInterim,13,5,numeric,pure,duration,0.00,"[""3,000"",""8,000"",""446""]"
AmountsOwedByGroupUndertakingsParticipatingInterests,12,6,numeric,GBP,instant,0.00,"[""74,250"",""0"",""24,100""]"
CompanyContributionsToMoneyPurchasePlansDirectors,12,6,numeric,GBP,duration,0.00,"[""2,124"",""18,476"",""22,491""]"
DescriptionMethodsUsedToAccountForInvestmentsInAssociatesInSeparateFinancialStatements,12,12,non_numeric,,duration,100.00,"[""An associate is an entity, being neither a subsidiary nor a joint venture, in which the company holds a long-term inter…"",""Investments in associates accounted for in accordance with the cost model are recorded at cost less any accumulated imp…"",""Investments in associate undertakings are recognised at cost.""]"
DescriptionMethodsUsedToAccountForInvestmentsInSubsidiariesInSeparateFinancialStatements,12,12,non_numeric,,duration,100.00,"[""A subsidiary is an entity controlled by the company"",""Investments in subsidiary undertakings are recognised at cost.""]"
IssueEquityInstruments,12,7,numeric,GBP,duration,0.00,"[""1"",""99"",""10""]"
LoansOwedByRelatedParties,12,2,numeric,GBP,instant,0.00,"[""9,794"",""730"",""9,381""]"
Merchandise,12,6,numeric,GBP,instant,0.00,"[""346,139"",""125,513"",""169,675""]"
OtherInterestReceivableSimilarIncomeFinanceIncome,12,7,numeric,GBP,duration,0.00,"[""3,510"",""5,278"",""210""]"
OtherOperatingIncomeFormat1,12,7,numeric,GBP,duration,0.00,"[""55,549"",""0"",""25,000""]"
DeferredTaxExpenseCreditRelatingToOriginationReversalTimingDifferences,11,6,numeric,GBP,duration,0.00,"[""66,243"",""170,124"",""24,378""]"
DescriptionMethodsUsedToAccountForInvestmentsInJointVenturesInSeparateFinancialStatements,11,11,non_numeric,,duration,100.00,"[""Entities in which the company has a long term interest and shares control under a contractual arrangement are classifie…"",""Investments in jointly controlled entities accounted for in accordance with the cost model are recorded at cost less an…""]"
InvestmentsInAssociates,11,2,numeric,GBP,instant,18.18,"[""50"",""-"",""1""]"
LoansOwedToRelatedParties,11,2,numeric,GBP,instant,0.00,"[""13,847"",""36,392"",""13,292""]"
BalancesAmountsOwedToRelatedParties,10,3,numeric,GBP,instant,0.00,"[""97,673"",""96,123"",""511,489""]"
CarryingAmountUnderCostModelRevaluedAssetsPropertyPlantEquipment,10,3,numeric,GBP,instant,0.00,"[""0"",""35,416"",""1,754,512""]"
DescriptionWhyEntityNotGoing-concernOrUncertaintiesOverGoing-concernStatus,10,10,non_numeric,,duration,100.00,"[""The LLP made a loss for the year. The LLP is dependent upon financial support from its related entities to enable it to…"",""The directors have not identified any material uncertainties related to events or conditions that may cast significant …"",""The directors have a reasonable expectation that the company has adequate resources to continue operational existence f…""]"
DirectorsReportConsistentWithAccountsTruefalse,10,10,non_numeric,,duration,100.00,"[""true""]"
EntityTradingName,10,10,non_numeric,,duration,100.00,"["""",""Jims Sparks Limited"",""Tafton Executive Ltd""]"
FinishedGoods,10,5,numeric,GBP,instant,30.00,"[""12,495"",""9,105"",""32,850""]"
GoingConcernCriticalEstimatesJudgements,10,9,non_numeric,,duration,100.00,"[""In preparing the financial statements, the directors are required to make an assessment of the ability of the company t…"",""As with most businesses the company has been impacted by the Coronavirus (Covid-19). Although the total impact is still…"",""In common with many other companies, our business has been detrimentally affected by the Covid-19 pandemic and the rest…""]"
IncomeExpenseRecognisedDirectlyInEquity,10,4,numeric,GBP,duration,0.00,"[""1"",""21,500"",""10""]"
NameSubsidiary,10,7,non_numeric,,duration,100.00,"[""Willett and Son (Bristol) Limited"",""DBPixelhouse LLC US"",""DB Pixelhouse B.V""]"
RawMaterialsConsumables,10,5,numeric,GBP,instant,10.00,"[""1,514,320"",""1,440,823"",""11,300""]"
TotalCurrentTaxExpenseCredit,10,5,numeric,GBP,duration,0.00,"[""32,724"",""21,699"",""15,965""]"
WagesSalaries,10,5,numeric,GBP,duration,0.00,"[""1,982,254"",""1,493,560"",""1,969,111""]"
NameOrDescriptionRelatedPartyIfNotDefinedByAnotherTag,9,9,non_numeric,,duration,100.00,"[""The directors, Mr and Mrs RG Jones, jointly received net loan repayments from the company during the year of £14,136. T…"",""Included in other creditors is a loan due to Mr and Mrs Goddard of £40,453 (2020 £23,918)."",""Companies in which directors have a controlling interest""]"
NetDeferredTaxLiabilityAsset,9,4,numeric,GBP,instant,0.00,"[""1,733"",""2,432"",""8,821""]"
CashCashEquivalentsCashFlowValue,8,3,numeric,GBP,instant,0.00,"[""1,653,503"",""1,547,135"",""1,469,226""]"
IntangibleAssetsFree-textComment,8,8,non_numeric,,duration,100.00,"["""",""Franchise Fees Paid"",""No trading took place within the period 17 Dec 2020 - 31 Dec 2021""]"
ProductionAverageNumberEmployees,8,4,numeric,pure,duration,0.00,"[""43"",""60"",""5""]"
ReportPrincipalLanguage,8,8,non_numeric,,duration,100.00,"[""""]"
SocialSecurityCosts,8,4,numeric,GBP,duration,0.00,"[""136,619"",""110,890"",""208,478""]"
TaxExpenseCreditApplicableTaxRate,8,4,numeric,GBP,duration,0.00,"[""114,503"",""255,398"",""201,948""]"
TotalIncreaseDecreaseFromRevaluationsPropertyPlantEquipment,8,6,numeric,GBP,duration,12.50,"[""0"",""273,935"",""-""]"
DeferredTaxAssetDebtors,7,4,numeric,GBP,instant,14.29,"[""184,442"",""208,820"",""-""]"
FinanceIncomeCostsPolicy,7,7,non_numeric,,duration,100.00,"[""Interest income is recognised when it is probable that the economic benefits will flow to the Company and the amount of…"",""Finance costs are charged to profit or loss over the term of the debt using the effective interest method so that the a…""]"
IncreaseDecreaseInNetDeferredTaxLiabilityFromAmountRecognisedInProfitOrLoss,7,5,numeric,GBP,duration,0.00,"[""2,807"",""69,978"",""135,520""]"
NumberSharesIssuedButNotFullyPaid,7,5,numeric,shares,instant,0.00,"[""1,000"",""100"",""1""]"
StatementOnQualityCompletenessInformationProvidedToAuditors,7,7,non_numeric,,duration,100.00,"[""So far as each person who was a director at the date of approving this report is aware, there is no relevant audit info…"",""Each Director has taken the steps that they ought to have taken as a Director in order to make themselves aware of any …"",""Each of the persons who are directors at the time when this Directors' Report is approved has confirmed that:""]"
AuditFeesExpenses,6,3,numeric,GBP,duration,0.00,"[""12,499"",""9,187"",""18,000""]"
BorrowingCostsPolicy,6,6,non_numeric,,duration,100.00,"[""All borrowing costs are recognised in profit or loss in the year in which they are incurred."",""Borrowing costs directly attributable to the acquisition, construction or production of qualifying assets, which are as…""]"
DescriptionFinancialCommitmentsOtherThanCapitalCommitments,6,6,non_numeric,,duration,100.00,"[""The company has no income or expenditure in its own right from which it derives economic benefit.Whilst certain contrac…"",""Rentals paid under operating leases are charged to profit or loss on a straight line basis over the period of the lease…"",""During the year the company took out a £5,000 Government secured bounce back loan. This loan will be repaid over a maxi…""]"
DescriptionNatureBusinessSubsidiary,6,5,non_numeric,,duration,100.00,"[""Merchanting of feedstuffs and fertilisers"",""Telephone and app bookmaker"",""Property Investment""]"
DisposalsInvestmentPropertyFairValueModel,6,6,numeric,GBP,duration,0.00,"[""399,534"",""207,500"",""72,000""]"
FinalDividendsPaid,6,3,numeric,GBP,duration,0.00,"[""45,000"",""35,000"",""62,799""]"
GainLossInCashFlowsFromChangeInCreditorsTradeOtherPayables,6,3,numeric,GBP,duration,0.00,"[""18,326"",""244,166"",""941,979""]"
GainLossInCashFlowsFromChangeInDebtorsTradeOtherReceivables,6,3,numeric,GBP,duration,0.00,"[""99,563"",""1,470,460"",""1,734,886""]"
GainLossOnDisposalsPropertyPlantEquipment,6,3,numeric,GBP,duration,0.00,"[""0"",""142,802"",""102,536""]"
IncreaseDecreaseInCurrentTaxFromAdjustmentForPriorPeriods,6,3,numeric,GBP,duration,0.00,"[""0"",""55,257"",""719""]"
IncreaseInLoansOwedByRelatedPartiesDueToLoansAdvanced,6,2,numeric,GBP,duration,0.00,"[""730"",""413"",""211,692""]"
NetCashFlowsFromUsedInOperatingActivities,6,3,numeric,GBP,duration,0.00,"[""555,135"",""2,828,756"",""1,452,589""]"
NetCashGeneratedFromOperations,6,3,numeric,GBP,duration,0.00,"[""570,921"",""3,057,469"",""1,505,689""]"
OtherIncreaseDecreaseInDepreciationImpairmentPropertyPlantEquipment,6,5,numeric,GBP,duration,16.67,"[""0"",""-"",""11,316""]"
PensionOtherPost-employmentBenefitCostsOtherPensionCosts,6,3,numeric,GBP,duration,0.00,"[""60,404"",""50,386"",""0""]"
PurchasePropertyPlantEquipment,6,3,numeric,GBP,duration,0.00,"[""742,922"",""3,071,220"",""5,990""]"
ResearchDevelopmentPolicy,6,6,non_numeric,,duration,100.00,"[""Expenditure on research and development is written off in the year it is incurred."",""Research expenditure is written off against profits in the year in which it is incurred. Identifiable development expen…"",""Research and development expenditure is recognised in the Profit and Loss Account in the period in which the expenditur…""]"
SORPsApplied,6,6,non_numeric,,duration,100.00,"[""""]"
StatementOnMattersOnWhichAuditorReportsByException,6,6,non_numeric,,duration,100.00,"[""In the light of the knowledge and understanding of the company and its environment obtained in the course of the audit,…"",""We have nothing to report in respect of the following matters where the Companies Act 2006 requires us to report to you…"",""In the light of the knowledge and understanding of the Company and its environment obtained in the course of the audit,…""]"
TotalOperatingLeasePayments,6,3,numeric,GBP,duration,0.00,"[""22,387"",""5,328"",""151,636""]"
BalancesAmountsOwedByRelatedParties,5,3,numeric,GBP,instant,0.00,"[""59,563"",""275,000"",""86,816""]"
CashCashEquivalents,5,3,numeric,GBP,instant,0.00,"[""116,285"",""129,271"",""88,299""]"
DateResignation,5,3,non_numeric,,instant,100.00,"[""8 December 2020"",""13 November 2020"",""29 October 2021""]"
DeferredTaxAssets,5,1,numeric,GBP,instant,0.00,"[""157,955"",""26,487"",""119,474""]"
DerivativesPolicy,5,5,non_numeric,,duration,100.00,"[""Derivatives are initially recognised at fair value at the date a derivative contract is entered into and are subsequent…""]"
NameAssociate,5,2,non_numeric,,duration,100.00,"[""Wisdom Agricultural Limited"",""Wisdom Agricultural (Investments) Limited"",""SKYLINE CITY PROPERTIES LTD""]"
NameIndividualAuditor,5,5,non_numeric,,duration,100.00,"[""J N Flanagan ATT (Fellow)"",""M B A Accountants"",""Sau Kee Li CTA ATT""]"
OtherRemainingInvestments,5,2,numeric,GBP,instant,0.00,"[""17,000"",""100""]"
ProfitLossOnOrdinaryActivitiesAfterTax,5,4,numeric,GBP,duration,0.00,"[""16,689"",""4,283"",""0""]"
StatementAuditorsResponsibilitiesRelatingToOtherInformation,5,5,non_numeric,,duration,100.00,"[""The other information comprises the information included in the annual report other than the financial statements and o…"",""In connection with our audit of the financial statements, our responsibility is to read the other information and, in d…"",""The other information comprises the information included in the annual report, other than the financial statements and …""]"
TransfersToFromRetainedEarningsIncreaseDecreaseInEquity,5,3,numeric,GBP,duration,0.00,"[""436,751"",""0"",""55,358""]"
AdditionalProvisionsIncreaseFromNewProvisionsRecognised,4,4,numeric,GBP,duration,0.00,"[""591"",""2,307"",""593""]"
AmountsOwedToOtherRelatedPartiesOtherThanDirectors,4,2,numeric,GBP,instant,0.00,"[""780"",""319,104"",""241,624""]"
BasisForOpinionAuditorsOnEntity,4,4,non_numeric,,duration,100.00,"[""We conducted our audit in accordance with International Standards on Auditing (UK) (ISAs (UK)) and applicable law. Our …""]"
CharityFunds,4,2,numeric,GBP,instant,0.00,"[""10,459"",""18,653"",""24,963""]"
CompanyContributionsToDefinedBenefitPlansDirectors,4,2,numeric,GBP,duration,0.00,"[""20,946"",""18,045"",""5,838""]"
DateEndReportingPeriodAssociateIfDifferentFromEntity,4,1,non_numeric,,instant,100.00,"[""30.6.20"",""30.6.19""]"
DecreaseInLoansOwedByRelatedPartiesDueToLoansRepaid,4,2,numeric,GBP,duration,0.00,"[""9,794"",""1,100,161""]"
DepreciationImpairmentExpensePropertyPlantEquipment,4,2,numeric,GBP,duration,0.00,"[""114,659"",""75,386"",""450,727""]"
DirectorRemunerationBenefitsIncludingPaymentsToThirdParties,4,2,numeric,GBP,duration,0.00,"[""238,015"",""213,158"",""217,337""]"
DistributionCosts,4,3,numeric,GBP,duration,0.00,"[""102,098"",""103,476"",""0""]"
DividendsPaidOnSharesFinal,4,2,numeric,GBP,duration,0.00,"[""143,921"",""131,321"",""2,000""]"
EmploymentDisabledPersonsPolicy,4,4,non_numeric,,duration,100.00,"[""The company policy is to employ disabled people wherever practical as the Company works on construction sites and all i…"",""N/a"",""N/A""]"
FinancialAssets,4,2,numeric,GBP,instant,0.00,"[""5"",""17,000""]"
GainLossInCashFlowsFromChangeInInventories,4,2,numeric,GBP,duration,0.00,"[""65,310"",""64,625"",""10,311""]"
GainLossOnNon-financingActivitiesDueToForeignExchangeDifferencesRecognisedInProfitOrLoss,4,2,numeric,GBP,duration,0.00,"[""4,682"",""1,652"",""3,513""]"
GainLossOnRevaluationPropertyPlantEquipmentBeforeTaxInOtherComprehensiveIncome,4,4,numeric,GBP,duration,0.00,"[""0"",""14,500""]"
GovernmentGrantIncome,4,2,numeric,GBP,duration,0.00,"[""55,584"",""0"",""1,026,204""]"
IncomeTaxesPaidRefundClassifiedAsOperatingActivities,4,2,numeric,GBP,duration,0.00,"[""12,112"",""221,999"",""20,448""]"
IncreaseDecreaseFromFairValueAdjustmentInvestmentPropertyFairValueModel,4,4,numeric,GBP,duration,0.00,"[""745,410"",""59,000"",""100,000""]"
IncreaseInLoansOwedToRelatedPartiesDueToLoansAdvanced,4,1,numeric,GBP,duration,0.00,"[""22,545"",""1,524""]"
InterestExpenseOnBankOverdraftsBankLoansSimilarBorrowings,4,2,numeric,GBP,duration,0.00,"[""3,674"",""6,714"",""31,151""]"
InterestExpenseOnObligationsUnderFinanceLeasesHirePurchaseContracts,4,2,numeric,GBP,duration,0.00,"[""27,435"",""33,150"",""73,548""]"
LoansToJointVentures,4,1,numeric,GBP,instant,0.00,"[""409,521"",""46,517"",""14,707""]"
MoreThan200SubsidiariesTruefalse,4,4,non_numeric,,duration,100.00,"[""false""]"
NetAssetsLiabilitiesAssociates,4,1,numeric,GBP,instant,0.00,"[""507,319"",""513,821"",""16,849""]"
NetInterestPaidReceivedClassifiedAsOperatingActivities,4,2,numeric,GBP,duration,0.00,"[""3,674"",""6,714"",""73,548""]"
OtherLoansClassifiedUnderInvestments,4,2,numeric,GBP,instant,0.00,"[""0"",""602,319""]"
OtherPayablesAccruedExpenses,4,2,numeric,GBP,instant,0.00,"[""546,905"",""626,267"",""2,317""]"
PensionCostsDefinedContributionPlan,4,2,numeric,GBP,duration,0.00,"[""61,177"",""80,630"",""8,441""]"
ProfitLossSubsidiaries,4,2,numeric,GBP,duration,50.00,"[""434,199"",""478,455"",""-""]"
RawMaterials,4,2,numeric,GBP,instant,0.00,"[""12,000"",""10,000"",""4,550""]"
RevenueFromSaleGoods,4,2,numeric,GBP,duration,0.00,"[""1,571,276"",""1,801,124"",""13,346,752""]"
SalesMarketingDistributionAverageNumberEmployees,4,2,numeric,pure,duration,0.00,"[""1""]"
SellingAverageNumberEmployees,4,2,numeric,pure,duration,0.00,"[""9"",""13"",""2""]"
TaxIncreaseDecreaseFromEffectExpensesNotDeductibleInDeterminingTaxableProfitOrLoss,4,2,numeric,GBP,duration,0.00,"[""190"",""1,675"",""6,312""]"
AmountsOwedByAssociates,3,2,numeric,GBP,instant,33.33,"[""4,650"",""9,500"",""-""]"
ApplicableTaxRate,3,2,numeric,pure,duration,0.00,"[""19""]"
AssociateNotAccountedForUsingEquityMethodTruefalse,3,2,non_numeric,,duration,100.00,"[""false""]"
DescriptionWhyAnEntityWithSubsidiariesHasNotPreparedGroupAccounts,3,3,non_numeric,,duration,100.00,"[""The company has taken advantage of the exemption in section 398 of the Companies Act 2006 from the requirement to prepa…"",""The company has taken advantage of the option not to prepare consolidated financial statements contained in Section 398…""]"
DividendDeclaredPayable,3,2,numeric,GBP,instant,0.00,"[""37,000"",""2,000""]"
GeneralDescriptionGuaranteesTheirTermsDirectors,3,3,non_numeric,,duration,100.00,"[""1. CHRISTIANAHJONES LTD. is a private company, limited by shares, incorporated in England & Wales, registration number …"",""The company had no financial commitments, guarantees and contingencies requiring separate disclosure at the year ended …"",""The Company's net assets less liabilities were negative by £1,527 at the balance sheet date. The business trading has b…""]"
GeneralDescriptionLoansOwedByRelatedPartiesIncludingTermsGuaranteesReceived,3,3,non_numeric,,duration,100.00,"["""",""Loan to directors are on a non fixed repayment basis with 0% interest charged."",""Of the loans detailed above £700,000 has repayment term of 10 years and is interest free. This has been recognised at a…""]"
GeneralDescriptionPriorPeriodPolicyChangeAdjustmentsTheirEffect,3,3,non_numeric,,duration,100.00,"["""",""Some expenses had been stated as capitalised fixed assets and associated amortisation in error, by the previous account…"",""Certain figures relating to the previous year have been reclassified for comparative purposes where necessary. The chan…""]"
IncreaseDecreaseDueToTransfersBetweenClassesPropertyPlantEquipment,3,3,numeric,GBP,duration,33.33,"[""0"",""-""]"
IncreaseFromImpairmentLossRecognisedInProfitOrLossPropertyPlantEquipment,3,1,numeric,GBP,duration,0.00,"[""159,612"",""0""]"
InvestmentEntitiesPolicy,3,3,non_numeric,,duration,100.00,"[""Investments in equity shares which are publicly traded or where the fair value can be measured reliably are initially m…"",""Investments in equity shares which are not publicly traded and where fair value cannot be measured reliably are measure…""]"
InvestmentPropertyFree-textComment,3,3,non_numeric,,duration,100.00,"[""Investment property is included at the directors opinion of the market value. This valuation is based on the directors'…"",""In the opinion of the director the value of the investment property does not differ materially from cost."",""The directors consider the market value of the investment property not to be materially different from the value stated…""]"
InvestmentsInJointVentures,3,1,numeric,GBP,instant,0.00,"[""100""]"
NameEntityLawyersOrLegalAdvisers,3,3,non_numeric,,duration,100.00,"[""Clydesdale Bank plc"",""R S Porter & Co Limited"",""Rankin & Aitken""]"
NameOrLocationOfficePerformingAudit,3,3,non_numeric,,duration,100.00,"[""104 High Street"",""Cheltenham"",""EC1Y 2AB""]"
OutstandingPre-paidContributionsToDefinedContributionPlanReportingDate,3,2,numeric,GBP,instant,0.00,"[""9,253"",""14,245"",""1,241""]"
PaymentsOnAccountInventories,3,2,numeric,GBP,instant,33.33,"[""0"",""-"",""2,400""]"
PoliticalDonationsFree-textComment,3,3,non_numeric,,duration,100.00,"[""N/a"",""N/A"",""The company made no political or charitable donations in the period.""]"
PrincipalPlaceBusinessSubsidiary,3,2,non_numeric,,duration,100.00,"[""Dormant"",""85 Stafford Street, Willenhall, West Midlands WV13 1RT""]"
RevaluationPropertyPlantEquipmentFree-textComment,3,3,non_numeric,,duration,100.00,"["""",""0""]"
ShareCapitalFree-textComment,3,3,non_numeric,,duration,100.00,"[""During the year 2,100 Ordinary BR Shares were issued at £1 per share.During the year 2 Ordinary Shares were re-classifi…"",""The ordinary shares rank pari passu in all respects on a one for one basis not withstanding the different amounts paid …"",""On 15 May 2021, upon incorporation, the company issued 500 Ordinary £1 shares at par.""]"
SubsidiaryUnconsolidatedTruefalse,3,2,non_numeric,,duration,100.00,"[""false"",""true""]"
TransferToNon-currentAssetsOrDisposalGroupsHeldForSaleDecreaseInAmortisationImpairmentIntangibleAssets,3,1,numeric,GBP,duration,0.00,"[""45,438"",""0""]"
TransfersToFromNon-currentAssetsOrDisposalGroupsHeldForSaleIntangibleAssets,3,1,numeric,GBP,duration,0.00,"[""249,150"",""0""]"
VotingPowerInSubsidiaryIfDifferentFromOwnershipInterestPercent,3,2,numeric,pure,duration,0.00,"[""0""]"
AdditionalProvisionsIncreaseFromNewProvisionsRecognisedInProfitOrLoss,2,2,numeric,GBP,duration,0.00,"[""6"",""462""]"
AdditionsOtherThanThroughBusinessCombinationsIntangibleAssets,2,1,numeric,GBP,duration,0.00,"[""300,000""]"
AmortisationExpenseIntangibleAssets,2,1,numeric,GBP,duration,0.00,"[""1,125""]"
AmountsOwedByAssociatesJointVenturesParticipatingInterests,2,1,numeric,GBP,instant,0.00,"[""64,000""]"
AmountsOwedByJointVentures,2,1,numeric,GBP,instant,0.00,"[""1,492,665"",""1,305,061""]"
AmountsOwedByOtherRelatedPartiesOtherThanDirectors,2,1,numeric,GBP,instant,0.00,"[""96,575"",""86,914""]"
AmountsOwedBySubsidiaries,2,1,numeric,GBP,instant,0.00,"[""292"",""2,487""]"
AmountsOwedToAssociates,2,2,numeric,GBP,instant,0.00,"[""204"",""24,402""]"
AmountsRecoverableOnContracts,2,1,numeric,GBP,instant,0.00,"[""452,629"",""209,677""]"
BankingArrangementsClassifiedAsCashCashEquivalents,2,1,numeric,GBP,instant,0.00,"[""0"",""293,199""]"
BillsExchangePayable,2,1,numeric,GBP,instant,0.00,"[""26"",""16""]"
CalledUpShareCapital,2,1,numeric,GBP,instant,0.00,"[""0.00""]"
CapitalEmployed,2,1,numeric,GBP,instant,0.00,"[""0.00""]"
CashBankInHand,2,1,numeric,GBP,instant,0.00,"[""0.00""]"
CumulativePreferenceShareDividendsUnpaid,2,1,numeric,GBP,instant,50.00,"[""-"",""1,000""]"
DecreaseInLoansOwedToRelatedPartiesDueToLoansRepaid,2,1,numeric,GBP,duration,0.00,"[""969""]"
DeferredTaxExpenseCreditFromUnrecognisedTimingDifferenceFromPriorPeriod,2,1,numeric,GBP,duration,0.00,"[""2,029"",""3,897""]"
DescriptionContributionPlan,2,2,non_numeric,,duration,100.00,"[""The company operates a defined contributions pension scheme. The assets of the scheme are held separately from those of…"",""The company operates a defined contribution pension scheme for the directors and all employees. The assets of the schem…""]"
DescriptionExtentToWhichFairValueInvestmentPropertyBasedOnValuationByIndependentValuer,2,2,non_numeric,,duration,100.00,"[""There has been no valuation of investment property's by an independent valuer. The Directors' have considered the marke…"",""There has been no valuation of investment property by an independent valuer.""]"
DescriptionNatureBusinessAssociate,2,1,non_numeric,,duration,100.00,"[""Consultancy work in the agricultural sector"",""Providing investment opportunities""]"
DividendPerShareFinal,2,1,numeric,pure,duration,0.00,"[""624"",""265""]"
DividendsPaidClassifiedAsFinancingActivities,2,1,numeric,GBP,duration,0.00,"[""116,184"",""101,000""]"
EmphasisMatterStatement,2,2,non_numeric,,duration,100.00,"[""We have nothing to report in respect of the following matters in relation to which the ISAs (UK) require us to report t…"",""Although our report is not qualified in these respects we draw the attention of the readers of the financial statements…""]"
FactoredDebtsOutstanding,2,1,numeric,GBP,instant,50.00,"[""-"",""168,497""]"
FinancialCommitmentsOtherThanCapitalCommitments,2,1,numeric,GBP,instant,0.00,"[""4,234"",""5,927""]"
FutureFinanceChargesOnFinanceLeases,2,1,numeric,GBP,instant,0.00,"[""4,317"",""764""]"
GainLossDueToForeignExchangeDifferencesRecognisedInProfitOrLoss,2,1,numeric,GBP,duration,0.00,"[""35"",""0""]"
GainLossInCashFlowsFromChangeInAccruedItems,2,1,numeric,GBP,duration,0.00,"[""44,432"",""418,695""]"
GainLossOnRevaluationPropertyPlantEquipmentNetTaxInOtherComprehensiveIncome,2,2,numeric,GBP,duration,0.00,"[""1,499,898"",""712,193""]"
GeneralDescriptionContingentLiabilitiesIncludingFinancialEffectUncertaintiesPossibleReimbursement,2,2,non_numeric,,duration,100.00,"[""The company has provisions for liabilities in respect of installation guarantees amounting to £15,331 (2020: £15,331)."",""BOTH YEAR FIGURES ARE PROVISIONAL""]"
GovernmentGrantsPayable,2,1,numeric,GBP,instant,0.00,"[""20,000""]"
IncreaseDecreaseInCashCashEquivalentsBeforeForeignExchangeDifferencesChangesInConsolidation,2,1,numeric,GBP,duration,0.00,"[""185,429"",""279,202""]"
IncreaseDecreaseInExistingProvisions,2,1,numeric,GBP,duration,0.00,"[""699""]"
InterestExpenseOnLoanCapital,2,1,numeric,GBP,duration,0.00,"[""248,939"",""258,877""]"
InterestPaidClassifiedAsOperatingActivities,2,1,numeric,GBP,duration,0.00,"[""2,208,955"",""2,133,758""]"
InterestReceivedClassifiedAsInvestingActivities,2,1,numeric,GBP,duration,0.00,"[""3,510"",""5,278""]"
InterimDividendsPaid,2,1,numeric,GBP,duration,50.00,"[""10,000"",""-""]"
InvestmentsInSubsidiariesMeasuredFairValue,2,1,numeric,GBP,instant,0.00,"[""1""]"
LiabilitiesSecuredByAssets,2,1,numeric,GBP,instant,0.00,"[""654,374"",""560,795""]"
LoansFromGroupUndertakingsParticipatingInterests,2,1,numeric,GBP,instant,0.00,"[""0"",""282,500""]"
LoansToGroupUndertakingsParticipatingInterests,2,1,numeric,GBP,instant,0.00,"[""0"",""75""]"
MinimumLeasePaymentsReceivableUnderNon-cancellableOperatingLeases,2,1,numeric,GBP,instant,0.00,"[""7,210,995"",""7,526,805""]"
MinimumOperatingLeasePaymentsRecognisedAsExpense,2,1,numeric,GBP,duration,0.00,"[""173,772"",""123,378""]"
NameUltimateParentGroupIfNotParentEntity,2,2,non_numeric,,duration,100.00,"[""The ultimate parent company of Gastromax Limited is Orthex Oyj, a company incorporated in Finland."",""Kellaway Building Supplies Limited""]"
NetAssetsLiabilitiesIncludingPensionAssetLiability,2,1,numeric,GBP,instant,0.00,"[""0.00""]"
NetAssetsLiabilitiesSubsidiaries,2,1,numeric,GBP,instant,0.00,"[""818,813"",""384,614""]"
NetCashFlowsFromUsedInFinancingActivities,2,1,numeric,GBP,duration,0.00,"[""50,000"",""771,389""]"
NetCashFlowsFromUsedInInvestingActivities,2,1,numeric,GBP,duration,0.00,"[""52,722"",""312,793""]"
NetDebtFunds,2,1,numeric,GBP,instant,0.00,"[""589,092"",""824,521""]"
NetFinanceIncomeCosts,2,1,numeric,GBP,duration,0.00,"[""3,510"",""5,278""]"
NumberDirectorsAccruingBenefitsUnderMoneyPurchaseScheme,2,1,numeric,pure,duration,0.00,"[""8""]"
NumberSharesAuthorised,2,2,numeric,shares,instant,0.00,"[""100"",""10""]"
OtherCurrentAssetInvestmentsBalanceSheetSubtotal,2,1,numeric,GBP,instant,0.00,"[""100,000""]"
OtherFinanceCosts,2,1,numeric,GBP,duration,0.00,"[""2,177,804"",""2,096,647""]"
OtherProvisionsBalanceSheetSubtotal,2,1,numeric,GBP,instant,0.00,"[""2,476"",""3,010""]"
PaymentsToRelatedParties,2,1,numeric,GBP,duration,0.00,"[""2,000""]"
PaymentsToThirdPartiesForDirectorServices,2,1,numeric,GBP,duration,0.00,"[""66,032"",""64,914""]"
ProceedsFromBorrowingsClassifiedAsFinancingActivities,2,2,numeric,GBP,duration,0.00,"[""27,561,510"",""50,000""]"
ProceedsFromSalesPropertyPlantEquipment,2,1,numeric,GBP,duration,0.00,"[""0"",""343,554""]"
ProfitLossFromContinuingOperationsAssociates,2,1,numeric,GBP,duration,0.00,"[""6,502"",""7,914""]"
RepaymentsBorrowingsClassifiedAsFinancingActivities,2,1,numeric,GBP,duration,0.00,"[""19,204,702"",""27,522,328""]"
RevenueFromRenderingServices,2,1,numeric,GBP,duration,0.00,"[""538,968"",""7,202,335""]"
StatementOnScopeAuditReport,2,2,non_numeric,,duration,100.00,"[""Report to the directors on the preparation of the unaudited statutory accounts of the company for theperiod ended 31 Ma…"",""Our objectives are to obtain reasonable assurance about whether the financial statements as a whole are free from mater…""]"
StatementThatNoControllingPartiesExist,2,2,non_numeric,,duration,100.00,"[""The directors do not consider there to be an ultimate controlling party."",""There is no ultimate controlling party.""]"
TaxDecreaseFromUtilisationTaxLosses,2,1,numeric,GBP,duration,0.00,"[""19,426"",""0""]"
UnpaidContributionsToPensionSchemes,2,1,numeric,GBP,instant,0.00,"[""9,253"",""14,245""]"
UsefulLifePropertyPlantEquipmentYears,2,1,numeric,GBP,duration,0.00,"[""4"",""3""]"
AccountsAreInAccordanceWithSpecialProvisionsCompaniesActRelatingToSmallCompanies,1,1,non_numeric,,duration,100.00,"[""These accounts have been prepared in accordance with the provisions in section 15 of the Companies Act, applicable to c…""]"
BalanceSheetStatementFinancialPositionFree-textComment,1,1,non_numeric,,duration,100.00,"[""In accordance with Section 444 of the Companies Act 2006, the Income Statement has not been delivered.""]"
BusinessCombinationsPolicy,1,1,non_numeric,,duration,100.00,"[""Business combinations are accounted for using the purchase method. The consideration for each acquisition is measured a…""]"
BusinessReportName,1,1,non_numeric,,duration,100.00,"[""Dormant Accounts""]"
CharityRegistrationNumberEnglandWales,1,1,non_numeric,,duration,100.00,"[""1163229""]"
CharityRegistrationNumberScotland,1,1,non_numeric,,duration,100.00,"[""SC034791""]"
CompanyEntitledToExemptionUnderSection480CompaniesAct2006RelatingToDormantCompanies,1,1,non_numeric,,duration,100.00,"[""For the period ending 30 November 2021 the company was entitled to exemption under section 480 of the Companies Act 200…""]"
CompensationForLossOfficeDirectors,1,1,numeric,GBP,duration,0.00,"[""25,556""]"
ConsiderationReceivedForSharesIssuedInPeriod,1,1,numeric,GBP,duration,0.00,"[""1""]"
ConstructionWorkInProgressPolicy,1,1,non_numeric,,duration,100.00,"[""Where the outcome of a construction contract can be estimated reliably, revenue and costs are recognised by reference t…""]"
DateApprovalAccounts,1,1,non_numeric,,instant,100.00,"[""11 February 2022""]"
DateFormationOrIncorporation,1,1,non_numeric,,instant,100.00,"[""6 October 2020""]"
DebenturesInIssue,1,1,numeric,GBP,instant,0.00,"[""45,194""]"
DeferredTaxExpenseCreditRelatingToChangesInTaxRatesOrLaws,1,1,numeric,GBP,duration,0.00,"[""20,525""]"
DefinedBenefitPensionsPolicy,1,1,non_numeric,,duration,100.00,"[""The company operates a defined contribution plan for its employees. A defined contribution plan is a pension plan under…""]"
DescriptionFinancialLiabilitiesDesignatedFairValueThroughProfitOrLossSubjectToChangeInFairValueDueToChangesInCreditRisk,1,1,non_numeric,,duration,100.00,"[""Financial instruments such as Trade Debtors, Cash and Trade Creditors arise from the company's operations.""]"
DescriptionLesseesMaterialFinanceLeasingArrangements,1,1,non_numeric,,duration,100.00,"[""""]"
DescriptionMaterialOperatingLeasingArrangements,1,1,non_numeric,,duration,100.00,"[""Total commitments under operating leases as at the year end are £19,734 ( 2020 £24,882 )""]"
DescriptionMethodsAssumptionsUnderlyingFairValuesEstimatePropertyPlantEquipment,1,1,non_numeric,,duration,100.00,"[""The investment properties were valued by the directors at the balance sheet date and the valuation was not considered t…""]"
DescriptionOrOtherInformationOnEntityContact,1,1,non_numeric,,duration,100.00,"[""The company is a private company limited by shares and registered in England and Wales. The company's registered number…""]"
DescriptionOrTitleAuthor,1,1,non_numeric,,duration,100.00,"[""""]"
DescriptionPuttableFinancialInstrumentsClassifiedAsEquityInstrumentsIncludingReclassificationsIntoOutFinancialLiabilities,1,1,non_numeric,,duration,100.00,"[""Equity instruments issued by the company are recorded at the proceeds received, net of transaction costs. Dividends pay…""]"
DescriptionReasonWhyEntityHasNotPreparedConsolidatedFinancialStatements,1,1,non_numeric,,duration,100.00,"[""The company has taken advantage of the option not to prepare consolidated abridged financial statements contained in Se…""]"
DescriptionRelatedEntityWhichHasPreparedConsolidatedFinancialStatementsTheirAvailability,1,1,non_numeric,,duration,100.00,"[""The entity satisfies the criteria of being a qualifying entity as defined in FRS 102 and as such, advantage has been ta…""]"
DescriptionRelationshipsBetweenEntityParentsIncludingAnyChanges,1,1,non_numeric,,duration,100.00,"[""Since, 2014, the company director has a business relationship with Harbour Road Dental practice in Cheshire in which th…""]"
DescriptionRepurchaseAgreementsOtherSimilarSecuredBorrowing,1,1,non_numeric,,duration,100.00,"[""The company has given a security by way of debenture over its assets to Borchard Lines Limited, the parent entity.""]"
DescriptionRightsPreferencesRestrictionsAttachingToClassShareCapital,1,1,non_numeric,,duration,100.00,"[""Ordinary shares have the following rights, preferences and restrictions:Holders of the ordinary share capital have a ri…""]"
DirectorsAcknowledgeTheirResponsibilitiesUnderCompaniesAct,1,1,non_numeric,,duration,100.00,"[""The directors acknowledge their responsibilities for complying with the requirements of the Act with respect to account…""]"
DisposalsDecreaseInAmortisationImpairmentIntangibleAssets,1,1,numeric,GBP,duration,0.00,"[""0""]"
DisposalsIntangibleAssets,1,1,numeric,GBP,duration,0.00,"[""0""]"
EffectiveDateRevaluationPropertyPlantEquipment,1,1,non_numeric,,instant,100.00,"[""30 June 2018""]"
EntityDormant,1,1,non_numeric,,duration,100.00,"[""true""]"
EntityTrading,1,1,non_numeric,,duration,100.00,"[""false""]"
GeneralDescriptionLoansOwedToRelatedPartiesIncludingTermsGuaranteesGiven,1,1,non_numeric,,duration,100.00,"[""An amount of £1,157,144 of the loan detailed above has a repayment term of 10 years and is interest free. This has been…""]"
GeneralDescriptionLoansPayableInDefaultOrBreachIncludingNatureDefaultOrBreachAmountsInvolved,1,1,non_numeric,,duration,100.00,"[""On 24th June 2020, the company received a loan in the form of a bounce back loan. This had an interest rate of 2.5% beg…""]"
GeneralDescriptionUseCollateral,1,1,non_numeric,,duration,100.00,"[""Hire purchase creditors are secured over the assets to which they relate.Loans are secured over specific assets purchas…""]"
IncreaseDecreaseDueToTransfersBetweenClassesIntangibleAssets,1,1,numeric,GBP,duration,0.00,"[""0""]"
IncreaseDecreaseFromTotalImpairmentLossRecognisedOrReversedPropertyPlantEquipment,1,1,numeric,GBP,duration,0.00,"[""14,000""]"
IncreaseDecreaseInNetDebtFromCashFlows,1,1,numeric,GBP,duration,0.00,"[""235,429""]"
IncreaseDecreaseThroughOtherChangesPropertyPlantEquipment,1,1,numeric,GBP,duration,0.00,"[""150,000""]"
LesseeFinanceLeasePolicy,1,1,non_numeric,,duration,100.00,"[""Assets held under finance leases and hire purchase contracts are recognised in the statement of financial position as a…""]"
LesseeOperatingLeasePolicy,1,1,non_numeric,,duration,100.00,"[""Rentals paid under operating leases are charged to profit or loss on a straight line basis over the lease term.""]"
LoanCommitments,1,1,numeric,GBP,instant,0.00,"[""24,583""]"
MembersHaveNotRequiredCompanyToObtainAnAudit,1,1,non_numeric,,duration,100.00,"[""The members have not required the company to obtain an audit in accordance with section 476 of the Companies Act 2006.""]"
NameAccountantResponsible,1,1,non_numeric,,duration,100.00,"[""Ellis Lloyd Jones LLP""]"
NameAuthor,1,1,non_numeric,,duration,100.00,"[""""]"
NameDirectorSigningAccounts,1,1,non_numeric,,duration,100.00,"[""""]"
NumberSharesIssuedInPeriod-Gross,1,1,numeric,shares,duration,0.00,"[""1""]"
OtherDisposalsDecreaseInAmortisationImpairmentIntangibleAssets,1,1,numeric,GBP,duration,0.00,"[""140,000""]"
OtherDisposalsIntangibleAssets,1,1,numeric,GBP,duration,0.00,"[""140,000""]"
OtherDisposalsInvestmentPropertyFairValueModel,1,1,numeric,GBP,duration,0.00,"[""100""]"
OtherIncreaseDecreaseInAmortisationImpairmentIntangibleAssets,1,1,numeric,GBP,duration,0.00,"[""0""]"
OtherOperatingIncome,1,1,numeric,GBP,duration,0.00,"[""15,300""]"
PaymentsFinanceLeaseLiabilitiesClassifiedAsFinancingActivities,1,1,numeric,GBP,duration,0.00,"[""0""]"
ProceedsFromRepaymentLoansAdvancesToGroupUndertakingsClassifiedAsFinancingActivities,1,1,numeric,GBP,duration,0.00,"[""771,389""]"
ProvisionsCriticalEstimatesJudgements,1,1,non_numeric,,duration,100.00,"[""Provisions are recognised only where a present obligation exists as a result of a past transaction or event at or prior…""]"
RedeemableSharesClassifiedAsDebtInstrumentPolicy,1,1,non_numeric,,duration,100.00,"[""Debt instruments are subsequently carried at amortised cost, using the effective""]"
RentalIncomeFromSub-leases,1,1,numeric,GBP,duration,0.00,"[""21,000""]"
Share-basedPaymentsPolicy,1,1,non_numeric,,duration,100.00,"[""Equity-settled share-based payments are measured at fair value at the date of grant by reference to the fair value of t…""]"
StatementOnRespectiveResponsibilitiesDirectorsAuditors,1,1,non_numeric,,duration,100.00,"[""As explained more fully in the Directors' responsibilities statement set out on page 1, the directors are responsible f…""]"
StatementResponsibilitiesManagementThoseChargedWithCorporateGovernance,1,1,non_numeric,,duration,100.00,"[""As explained more fully in the directors' responsibilities statement, the directors are responsible for the preparation…""]"
TaxDecreaseFromTaxLossesForWhichNoDeferredTaxAssetWasRecognised,1,1,numeric,GBP,duration,0.00,"[""228,732""]"
TaxIncreaseDecreaseFromEffectCapitalAllowancesDepreciation,1,1,numeric,GBP,duration,0.00,"[""2,347""]"
TaxIncreaseDecreaseFromOtherTaxEffectsTaxReconciliation,1,1,numeric,GBP,duration,0.00,"[""6,972""]"
TotalIncreaseDecreaseFromRevaluationsIntangibleAssets,1,1,numeric,GBP,duration,0.00,"[""0""]"
UsefulLifeIntangibleAssetsYears,1,1,numeric,pure,duration,0.00,"[""10""]"
ValuationFinancialInstrumentsPolicy,1,1,non_numeric,,duration,100.00,"[""Stocks and work-in-progress are valued at the lower of cost and net realisable value, after making due allowance for ob…""]"
