concept,dimension,member,observations,companies,company_periods
AverageNumberEmployeesDuringPeriod,OriginalRevisedDataDimension,Original,489089,252673,486370
AverageNumberEmployeesDuringPeriod,GroupCompanyDataDimension,Consolidated,14222,4784,12089
AverageNumberEmployeesDuringPeriod,ContinuingDiscontinuedOperationsDimension,ContinuingOperations,136,84,129
AverageNumberEmployeesDuringPeriod,ConsolidationDimension,Consolidated,71,26,61
AverageNumberEmployeesDuringPeriod,RestatementsFirstTimeAdoptionDimension,RestatedAmount,20,18,20
AverageNumberEmployeesDuringPeriod,ContractTypeDimension,OtherContractType1,8,3,7
AverageNumberEmployeesDuringPeriod,SexDimension,SexPreferNotToDisclose,8,5,8
AverageNumberEmployeesDuringPeriod,ExceptionalsDimension,ExplicitlyIdentifiedAsNon-exceptional,6,3,6
AverageNumberEmployeesDuringPeriod,RestatementsFirstTimeAdoptionDimension,IncreaseDecreaseDueToTransitionFromPreviousStandard,6,5,6
AverageNumberEmployeesDuringPeriod,SegmentReconciliationDimension,OriginalSegmentValueBeforeAdjustments,5,4,5
AverageNumberEmployeesDuringPeriod,GeographicSegmentsDimension,UnitedKingdom,5,3,5
AverageNumberEmployeesDuringPeriod,OperatingSegmentsDimension,TotalReportableOperatingSegmentsIncludingAnyUnallocatedAmount,5,4,5
AverageNumberEmployeesDuringPeriod,ContractDurationDimension,OtherDurationType1,4,1,4
AverageNumberEmployeesDuringPeriod,ContractTypeDimension,OtherContractType2,4,2,4
AverageNumberEmployeesDuringPeriod,ContractTypeDimension,FixedPrice,4,2,4
AverageNumberEmployeesDuringPeriod,OperatingSegmentsDimension,UnallocatedAmountReportableOperatingSegments,2,1,2
AverageNumberEmployeesDuringPeriod,ProductsServicesDimension,TotalBeforeUnallocatedAmountProductsServices,2,1,2
AverageNumberEmployeesDuringPeriod,ContractDurationDimension,Long-termContract,1,1,1
AverageNumberEmployeesDuringPeriod,ContinuingDiscontinuedOperationsDimension,SpecificDiscontinuedOperation1,1,1,1
AverageNumberEmployeesDuringPeriod,MajorCustomersDimension,TotalReportableMajorCustomersIncludingAnyUnallocatedAmount,1,1,1
AverageNumberEmployeesDuringPeriod,OperatingSegmentsDimension,ReportableOperatingSegment1,1,1,1
AverageNumberEmployeesDuringPeriod,ExceptionalsDimension,Exceptional,1,1,1
AverageNumberEmployeesDuringPeriod,ProductsServicesDimension,TotalReportableProductsServicesIncludingAnyUnallocatedAmount,1,1,1
AverageNumberEmployeesDuringPeriod,SexDimension,SexMale,1,1,1
AverageNumberEmployeesDuringPeriod,GeographicSegmentsDimension,TotalGeographicSegmentsIncludingAnyUnallocatedAmount,1,1,1
CashBankOnHand,OriginalRevisedDataDimension,Original,298140,153191,296599
CashBankOnHand,GroupCompanyDataDimension,Consolidated,19495,6252,16106
CashBankOnHand,CharityFundsDimension,TotalUnrestrictedFunds,8402,2633,8398
CashBankOnHand,CharityFundsDimension,TotalRestrictedIncomeFunds,8290,2528,8286
CashBankOnHand,RestatementsFirstTimeAdoptionDimension,IncreaseDecreaseDueToTransitionFromPreviousStandard,1449,801,1448
CashBankOnHand,RestatementsFirstTimeAdoptionDimension,PreviouslyStatedAmount,931,585,924
CashBankOnHand,FinancialInstrumentCurrentNon-currentDimension,CurrentFinancialInstruments,398,196,379
CashBankOnHand,RestatementsFirstTimeAdoptionDimension,RestatedAmount,378,359,378
CashBankOnHand,MaturitiesOrExpirationPeriodsDimension,WithinOneYear,307,147,296
CashBankOnHand,CharityFundsDimension,TotalEndowmentFunds,219,75,219
CashBankOnHand,ContinuingDiscontinuedOperationsDimension,ContinuingOperations,133,25,90
CashBankOnHand,RestatementsFirstTimeAdoptionDimension,CumulativeEffectDateInitialApplicationIncreaseDecrease,12,5,12
CashBankOnHand,RestatementsFirstTimeAdoptionDimension,PriorPeriodIncreaseDecrease,12,10,12
CashBankOnHand,FinancialAssetsClassesCategoriesDimension,Available-for-saleFinancialAssets,12,1,7
CashBankOnHand,ProductsServicesDimension,ProductService2,8,8,8
CashBankOnHand,ProductsServicesDimension,ProductService1,8,8,8
CashBankOnHand,RestatementsFirstTimeAdoptionDimension,PriorPeriodErrorIncreaseDecrease,6,4,6
CashBankOnHand,RestatementsFirstTimeAdoptionDimension,AccountingPolicyChangeIncreaseDecrease,6,3,6
CashBankOnHand,FinancialInstrumentCurrentNon-currentDimension,Non-currentFinancialInstruments,3,3,3
CashBankOnHand,MaturitiesOrExpirationPeriodsDimension,AfterOneYear,2,2,2
CashBankOnHand,CurrencyDenominationFinancialInstrumentsDimension,PoundSterling,2,1,2
CashBankOnHand,CharityFundsDimension,UnrestrictedFundsGeneral,1,1,1
Creditors,MaturitiesOrExpirationPeriodsDimension,WithinOneYear,20259091,3063756,12732874
Creditors,FinancialInstrumentCurrentNon-currentDimension,CurrentFinancialInstruments,16119644,2114189,10186506
Creditors,MaturitiesOrExpirationPeriodsDimension,AfterOneYear,8564443,1552124,5642081
Creditors,FinancialInstrumentCurrentNon-currentDimension,Non-currentFinancialInstruments,5512424,804307,3635486
Creditors,MaturitiesOrExpirationPeriodsDimension,MoreThanFiveYears,7985,1686,5592
Creditors,CharityFundsDimension,TotalUnrestrictedFunds,1549,650,1549
Creditors,CharityFundsDimension,TotalRestrictedIncomeFunds,1426,541,1426
Creditors,GroupCompanyDataDimension,Consolidated,1328,546,1191
Creditors,OriginalRevisedDataDimension,Original,273,137,273
Creditors,MaturitiesOrExpirationPeriodsDimension,BetweenTwoFiveYears,46,21,43
Creditors,RestatementsFirstTimeAdoptionDimension,RestatedAmount,25,21,25
Creditors,CharityFundsDimension,TotalEndowmentFunds,21,8,21
Creditors,MaturitiesOrExpirationPeriodsDimension,BetweenFive10Years,15,8,15
Creditors,MaturitiesOrExpirationPeriodsDimension,BetweenOneFiveYears,12,7,12
Creditors,ProductsServicesDimension,ProductService2,8,8,8
Creditors,ProductsServicesDimension,ProductService1,8,8,8
Creditors,RestatementsFirstTimeAdoptionDimension,PreviouslyStatedAmount,7,5,7
Creditors,RestatementsFirstTimeAdoptionDimension,PriorPeriodIncreaseDecrease,5,5,5
Creditors,ContinuingDiscontinuedOperationsDimension,ContinuingOperations,4,2,4
Creditors,RestatementsFirstTimeAdoptionDimension,IncreaseDecreaseDueToTransitionFromPreviousStandard,4,3,4
Creditors,FinancialInstrumentValueTypeDimension,Cost,4,2,4
Creditors,ContinuingDiscontinuedOperationsDimension,Non-currentAssetsDisposalGroupsHeldForSale,3,2,3
Creditors,FinancialInstrumentsClassesCategoriesDimension,FinancialLiabilitiesAmortisedCost,2,1,2
Creditors,RestatementsFirstTimeAdoptionDimension,CumulativeEffectDateInitialApplicationIncreaseDecrease,2,1,2
Creditors,ProductsServicesDimension,OtherProductsServices,2,1,2
Creditors,FinancialInstrumentsClassesCategoriesDimension,FinancialInstrumentsCostLessImpairment,2,1,2
Creditors,GeographicSegmentsDimension,UnitedKingdom,2,1,2
Creditors,RestatementsFirstTimeAdoptionDimension,PriorPeriodErrorIncreaseDecrease,2,2,2
Creditors,FinancialInstrumentLevelDimension,Level1,2,1,2
Creditors,MaturitiesOrExpirationPeriodsDimension,Between6MonthsOneYear,2,1,2
Creditors,MaturitiesOrExpirationPeriodsDimension,Within30Days,1,1,1
Creditors,FinancialInstrumentValueTypeDimension,ContractualUndiscountedValue,1,1,1
Creditors,MaturitiesOrExpirationPeriodsDimension,AllPeriods,1,1,1
Creditors,CharityFundsDimension,UnrestrictedFundsGeneral,1,1,1
Creditors,MaturitiesOrExpirationPeriodsDimension,Within3Months,1,1,1
Creditors,GeographicSegmentsDimension,EnglandWales,1,1,1
CurrentAssets,OriginalRevisedDataDimension,Original,407463,208809,405442
CurrentAssets,GroupCompanyDataDimension,Consolidated,10779,2850,8291
CurrentAssets,CharityFundsDimension,TotalUnrestrictedFunds,8260,2762,8258
CurrentAssets,CharityFundsDimension,TotalRestrictedIncomeFunds,8157,2656,8155
CurrentAssets,RestatementsFirstTimeAdoptionDimension,RestatedAmount,4027,3701,4027
CurrentAssets,RestatementsFirstTimeAdoptionDimension,IncreaseDecreaseDueToTransitionFromPreviousStandard,1755,1003,1752
CurrentAssets,RestatementsFirstTimeAdoptionDimension,PreviouslyStatedAmount,1330,836,1324
CurrentAssets,RestatementsDimension,RestatedAmount,418,407,416
CurrentAssets,ContinuingDiscontinuedOperationsDimension,ContinuingOperations,281,42,182
CurrentAssets,CharityFundsDimension,TotalEndowmentFunds,208,74,208
CurrentAssets,ConsolidationDimension,Consolidated,113,42,99
CurrentAssets,CharityFundsDimension,UnrestrictedFundsGeneral,17,9,17
CurrentAssets,RestatementsFirstTimeAdoptionDimension,PriorPeriodIncreaseDecrease,14,11,14
CurrentAssets,ContinuingDiscontinuedOperationsDimension,Non-currentAssetsDisposalGroupsHeldForSale,10,2,7
CurrentAssets,RestatementsFirstTimeAdoptionDimension,CumulativeEffectDateInitialApplicationIncreaseDecrease,9,5,9
CurrentAssets,RestatementsFirstTimeAdoptionDimension,AccountingPolicyChangeIncreaseDecrease,9,5,9
CurrentAssets,CharityFundsDimension,RestrictedIncomeFunds,7,4,7
CurrentAssets,OriginalRevisedDataDimension,Revised,6,3,5
CurrentAssets,RestatementsFirstTimeAdoptionDimension,PriorPeriodErrorIncreaseDecrease,5,3,5
CurrentAssets,GeographicSegmentsDimension,EnglandWales,3,2,3
CurrentAssets,ConsolidationDimension,ShareJoint-ventures,2,1,2
Debtors,FinancialInstrumentCurrentNon-currentDimension,CurrentFinancialInstruments,2000318,375695,1349701
Debtors,MaturitiesOrExpirationPeriodsDimension,WithinOneYear,582495,129206,416686
Debtors,OriginalRevisedDataDimension,Original,265825,135587,264554
Debtors,MaturitiesOrExpirationPeriodsDimension,AfterOneYear,129880,46071,106097
Debtors,FinancialInstrumentCurrentNon-currentDimension,Non-currentFinancialInstruments,110924,26990,80958
Debtors,GroupCompanyDataDimension,Consolidated,7346,1894,5627
Debtors,CharityFundsDimension,TotalUnrestrictedFunds,6855,2279,6853
Debtors,CharityFundsDimension,TotalRestrictedIncomeFunds,6815,2221,6813
Debtors,RestatementsFirstTimeAdoptionDimension,RestatedAmount,1721,1585,1718
Debtors,RestatementsFirstTimeAdoptionDimension,PreviouslyStatedAmount,904,594,899
Debtors,MaturitiesOrExpirationPeriodsDimension,AllPeriods,658,138,485
Debtors,RestatementsDimension,RestatedAmount,389,378,387
Debtors,CharityFundsDimension,TotalEndowmentFunds,179,67,179
Debtors,GroupCompanyDimension,Consolidated,115,43,101
Debtors,RestatementsFirstTimeAdoptionDimension,IncreaseDecreaseDueToTransitionFromPreviousStandard,61,59,61
Debtors,RestatementsFirstTimeAdoptionDimension,PriorPeriodIncreaseDecrease,27,18,27
Debtors,ContinuingDiscontinuedOperationsDimension,ContinuingOperations,27,17,27
Debtors,RestatementsFirstTimeAdoptionDimension,AccountingPolicyChangeIncreaseDecrease,25,14,25
Debtors,OperatingActivitiesDimension,ContinuingOperationsIncludingAcquisitions,23,5,16
Debtors,RestatementsFirstTimeAdoptionDimension,PriorPeriodErrorIncreaseDecrease,17,12,17
Debtors,MaturitiesOrExpirationPeriodsDimension,BetweenOneFiveYears,9,2,7
Debtors,RestatementsFirstTimeAdoptionDimension,CumulativeEffectDateInitialApplicationIncreaseDecrease,9,4,9
Debtors,ProductsServicesDimension,ProductService1,8,8,8
Debtors,MaturitiesOrExpirationPeriodsDimension,BetweenTwoFiveYears,5,4,5
Debtors,RestatementsDimension,PriorPeriodIncreaseDecrease,3,2,3
Debtors,OriginalRevisedDataDimension,Revised,3,3,3
Debtors,FinancialInstrumentsClassesCategoriesDimension,FinancialAssetsAmortisedCost,2,1,2
Debtors,GeographicSegmentsDimension,NorthernIreland,2,1,2
Debtors,RestatementsDimension,MaterialErrorIncreaseDecrease,2,1,2
Debtors,FinancialInstrumentLevelDimension,Level1,2,1,2
Debtors,CurrencyDenominationFinancialInstrumentsDimension,USDollar,2,1,2
Debtors,MaturitiesOrExpirationPeriodsDimension,MoreThanFiveYears,1,1,1
Debtors,FinancialInstrumentValueTypeDimension,ContractualUndiscountedValue,1,1,1
Debtors,CharityFundsDimension,UnrestrictedFundsGeneral,1,1,1
Equity,EquityClassesDimension,ShareCapital,19949779,2550746,12402470
Equity,EquityClassesDimension,RetainedEarningsAccumulatedLosses,19113466,2417624,11866475
Equity,EquityClassesDimension,SharePremium,944766,137776,604749
Equity,EquityClassesDimension,RevaluationReserve,790305,121630,504100
Equity,RestatementsFirstTimeAdoptionDimension,PreviouslyStatedAmount,675493,188376,501442
Equity,EquityClassesDimension,ShareCapitalOrdinaryShares,592121,137979,433702
Equity,EquityClassesDimension,CapitalRedemptionReserve,492409,50807,302417
Equity,OriginalRevisedDataDimension,Original,480533,247322,477867
Equity,EquityClassesDimension,OtherReservesSubtotal,261735,67175,191744
Equity,EquityClassesDimension,ShareCapitalOrdinaryShareClass1,177959,74816,161430
Equity,EquityClassesDimension,FurtherSpecificReserve1ComponentTotalEquity,173901,26257,114615
Equity,EquityClassesDimension,FurtherSpecificReserve3ComponentTotalEquity,153721,20410,100277
Equity,EquityClassesDimension,OtherMiscellaneousReserve,118335,18063,79296
Equity,EquityClassesDimension,ShareCapitalOrdinaryShareClass2,41609,17470,37783
Equity,RestatementsFirstTimeAdoptionDimension,RestatedAmount,40135,27143,38651
Equity,EquityClassesDimension,TotalEquityAttributableToOwnersParentBeforeNon-controllingInterests,37239,7782,25844
Equity,EquityClassesDimension,FurtherSpecificReserve2ComponentTotalEquity,28028,3964,18147
Equity,GroupCompanyDataDimension,Consolidated,23160,6271,17674
Equity,EquityClassesDimension,CapitalReserve,22817,5049,15947
Equity,EquityClassesDimension,ShareCapitalOrdinaryShareClass3,21176,8872,19216
Equity,EquityClassesDimension,InvestmentPropertiesRevaluationReserve,16384,2396,11213
Equity,EquityClassesDimension,ShareCapitalOrdinaryShareClass4,11019,4670,10045
Equity,EquityClassesDimension,HedgingReserve,8187,1396,5123
Equity,EquityClassesDimension,CapitalContributionReserve,6856,1897,5101
Equity,EquityClassesDimension,OtherCapitalInstrumentsClassifiedAsEquity,6098,1229,4311
Equity,EquityClassesDimension,PropertiesRevaluationReserve,5654,871,4237
Equity,EquityClassesDimension,ShareCapitalOrdinaryShareClass5,5509,2329,5021
Equity,RestatementsFirstTimeAdoptionDimension,IncreaseDecreaseDueToTransitionFromPreviousStandard,5342,3251,5336
Equity,EquityClassesDimension,SharePremiumOrdinaryShares,5001,980,3435
Equity,EquityClassesDimension,ShareCapitalPreferenceShares,4881,1321,3745
Equity,EquityClassesDimension,OtherCapitalReserve,4066,999,3050
Equity,EquityClassesDimension,ForeignCurrencyTranslationReserve,3278,592,2474
Equity,EquityClassesDimension,MergerReserve,2685,449,2001
Equity,EquityClassesDimension,ShareCapitalPreferenceShareClass1,2324,1040,2128
Equity,EquityClassesDimension,ShareCapitalOtherShareTypes,1585,496,1325
Equity,EquityClassesDimension,TreasurySharesOwnSharesReserve,1454,268,979
Equity,RestatementsFirstTimeAdoptionDimension,PriorPeriodIncreaseDecrease,1215,801,985
Equity,ContinuingDiscontinuedOperationsDimension,ContinuingOperations,447,106,322
Equity,EquityClassesDimension,AssetRevaluationSurplusReserve,359,94,271
Equity,RestatementsFirstTimeAdoptionDimension,PriorPeriodErrorIncreaseDecrease,321,237,318
Equity,EquityClassesDimension,Share-basedPaymentsReserve,287,66,211
Equity,EquityClassesDimension,Non-controllingInterests,285,97,225
Equity,EquityClassesDimension,ShareCapitalSharePremiumSubtotal,267,139,257
Equity,EquityClassesDimension,ShareCapitalPreferenceShareClass2,205,118,197
Equity,EquityClassesDimension,ConvertibleDebtEquityComponentReserve,171,76,153
Equity,EquityClassesDimension,ShareCapitalPreferenceShareClass3,102,46,94
Equity,EquityClassesDimension,FurtherSpecificReserve4ComponentTotalEquity,88,35,80
Equity,RestatementsFirstTimeAdoptionDimension,AccountingPolicyChangeIncreaseDecrease,85,49,85
Equity,EquityClassesDimension,Available-for-saleInvestmentsReserve,69,7,36
Equity,EquityClassesDimension,ShareCapitalOtherShareClass1,55,25,52
Equity,EquityClassesDimension,ShareCapitalPreferenceShareClass4,40,20,39
Equity,EquityClassesDimension,ShareCapitalOtherShareClass2,39,17,36
Equity,EquityClassesDimension,SharePremiumPreferenceShares,25,13,25
Equity,EquityClassesDimension,ShareCapitalPreferenceShareClass5,25,12,24
Equity,EquityClassesDimension,ShareCapitalOtherShareClass3,25,12,24
Equity,CharityFundsDimension,TotalUnrestrictedFunds,20,5,15
Equity,EquityClassesDimension,SharePremiumOtherShareTypes,15,7,14
Equity,CharityFundsDimension,TotalRestrictedIncomeFunds,15,4,11
Equity,RestatementsFirstTimeAdoptionDimension,CumulativeEffectDateInitialApplicationIncreaseDecrease,14,7,14
Equity,EquityClassesDimension,SpecialReserveInvestmentFundsOnly,13,6,13
Equity,CharityFundsDimension,UnrestrictedFundsGeneral,12,5,11
Equity,EquityClassesDimension,RevenueReservesInvestmentFundsOnly,10,7,10
Equity,EquityClassesDimension,ShareBuy-backReserve,10,6,9
Equity,CharityFundsDimension,RestrictedIncomeFunds,9,4,8
Equity,ProductsServicesDimension,ProductService2,8,8,8
Equity,ProductsServicesDimension,ProductService3,8,8,8
Equity,ProductsServicesDimension,ProductService1,8,8,8
Equity,EquityClassesDimension,WarrantReserve,6,3,6
Equity,EquityClassesDimension,ShareCapitalOtherShareClass4,5,3,5
Equity,EquityClassesDimension,ESOPReserve,5,2,4
Equity,OriginalRevisedDataDimension,Revised,5,5,5
Equity,EquityClassesDimension,TaxationReserve,5,4,5
Equity,CharityFundsDimension,UnrestrictedFundsDesignated,4,2,4
Equity,EquityClassesDimension,LegalStatutoryReserve,4,1,4
Equity,CharityFundsDimension,EndowmentFundsPermanent,4,1,3
Equity,EquityClassesDimension,CapitalReservesInvestmentFundsOnly,4,3,4
Equity,EquityClassesDimension,GoodwillReserve,3,1,3
Equity,CharityFundsDimension,TotalEndowmentFunds,2,1,2
Equity,EquityClassesDimension,GeneralBankingRisksReserve,1,1,1
Equity,SegmentReconciliationDimension,IncreaseDecreaseFromMaterialReconcilingItems,1,1,1
Equity,CharityFundsDimension,RevaluationReserveUnrestricted,1,1,1
Equity,EquityClassesDimension,AssetsDisposalGroupsHeldForSaleReserve,1,1,1
Equity,SegmentReconciliationDimension,OriginalSegmentValueBeforeAdjustments,1,1,1
Equity,OperatingSegmentsDimension,UnallocatedAmountReportableOperatingSegments,1,1,1
NetCurrentAssetsLiabilities,OriginalRevisedDataDimension,Original,460036,236654,457661
NetCurrentAssetsLiabilities,RestatementsFirstTimeAdoptionDimension,RestatedAmount,92180,37945,92153
NetCurrentAssetsLiabilities,GroupCompanyDataDimension,Consolidated,11948,3295,9356
NetCurrentAssetsLiabilities,CharityFundsDimension,TotalUnrestrictedFunds,8426,2639,8422
NetCurrentAssetsLiabilities,CharityFundsDimension,TotalRestrictedIncomeFunds,8321,2535,8316
NetCurrentAssetsLiabilities,RestatementsFirstTimeAdoptionDimension,IncreaseDecreaseDueToTransitionFromPreviousStandard,2280,1308,2277
NetCurrentAssetsLiabilities,RestatementsFirstTimeAdoptionDimension,PreviouslyStatedAmount,1207,753,1199
NetCurrentAssetsLiabilities,RestatementsDimension,RestatedAmount,435,427,434
NetCurrentAssetsLiabilities,ContinuingDiscontinuedOperationsDimension,ContinuingOperations,290,43,187
NetCurrentAssetsLiabilities,CharityFundsDimension,TotalEndowmentFunds,219,75,219
NetCurrentAssetsLiabilities,GroupCompanyDimension,Consolidated,113,42,99
NetCurrentAssetsLiabilities,RestatementsFirstTimeAdoptionDimension,PriorPeriodIncreaseDecrease,15,11,15
NetCurrentAssetsLiabilities,CharityFundsDimension,UnrestrictedFundsGeneral,9,4,8
NetCurrentAssetsLiabilities,RestatementsFirstTimeAdoptionDimension,PriorPeriodErrorIncreaseDecrease,7,4,7
NetCurrentAssetsLiabilities,RestatementsFirstTimeAdoptionDimension,AccountingPolicyChangeIncreaseDecrease,7,3,7
NetCurrentAssetsLiabilities,RestatementsFirstTimeAdoptionDimension,CumulativeEffectDateInitialApplicationIncreaseDecrease,6,2,6
NetCurrentAssetsLiabilities,CharityFundsDimension,RestrictedIncomeFunds,3,2,3
NetCurrentAssetsLiabilities,CharityFundsDimension,UnrestrictedFundsDesignated,2,2,2
NetCurrentAssetsLiabilities,GeographicSegmentsDimension,EnglandWales,2,1,2
NetCurrentAssetsLiabilities,OriginalRevisedDataDimension,Revised,2,2,2
NetCurrentAssetsLiabilities,GeographicSegmentsDimension,UnitedKingdom,1,1,1
PropertyPlantEquipment,PropertyPlantEquipmentClassesDimension,PlantMachinery,6530129,857733,4162634
PropertyPlantEquipment,PropertyPlantEquipmentClassesDimension,FurnitureFittings,3462991,468728,2234805
PropertyPlantEquipment,PropertyPlantEquipmentClassesDimension,ComputerEquipment,3312020,484699,2166626
PropertyPlantEquipment,PropertyPlantEquipmentClassesDimension,MotorVehicles,2715341,365939,1746734
PropertyPlantEquipment,PropertyPlantEquipmentClassesDimension,LandBuildings,1827868,245758,1161044
PropertyPlantEquipment,PropertyPlantEquipmentClassesDimension,OtherPropertyPlantEquipment,1337741,199071,854491
PropertyPlantEquipment,PropertyPlantEquipmentClassesDimension,FurnitureFittingsToolsEquipment,840371,147858,555231
PropertyPlantEquipment,PropertyPlantEquipmentClassesDimension,OfficeEquipment,521020,111139,362762
PropertyPlantEquipment,PropertyPlantEquipmentClassesDimension,Vehicles,474899,82247,306543
PropertyPlantEquipment,PropertyPlantEquipmentClassesDimension,LeaseholdImprovements,318071,41911,205462
PropertyPlantEquipment,OriginalRevisedDataDimension,Original,219504,111386,218577
PropertyPlantEquipment,PropertyPlantEquipmentClassesDimension,MotorCars,92653,18486,61009
PropertyPlantEquipment,PropertyPlantEquipmentClassesDimension,Buildings,81540,12774,53609
PropertyPlantEquipment,PropertyPlantEquipmentClassesDimension,ToolsEquipment,78674,13779,53095
PropertyPlantEquipment,PropertyPlantEquipmentClassesDimension,InvestmentPropertyIncludedWithinPPE,62442,12015,44357
PropertyPlantEquipment,PPEOwnershipDimension,LeasedAssetsHeldAsLessee,58498,10267,40068
PropertyPlantEquipment,PropertyPlantEquipmentClassesDimension,CommercialMotorVehicles,47164,7522,31153
PropertyPlantEquipment,PropertyPlantEquipmentClassesDimension,Non-standardPPEClass1ComponentTotalPropertyPlantEquipment,39946,6809,26733
PropertyPlantEquipment,GroupCompanyDataDimension,Consolidated,35119,7588,25483
PropertyPlantEquipment,PropertyPlantEquipmentClassesDimension,ConstructionInProgressAssetsUnderConstruction,23991,4677,15986
PropertyPlantEquipment,PropertyPlantEquipmentClassesDimension,VehiclesPlantMachinery,7936,1309,5297
PropertyPlantEquipment,CharityFundsDimension,TotalUnrestrictedFunds,6370,2071,6367
PropertyPlantEquipment,CharityFundsDimension,TotalRestrictedIncomeFunds,6331,2019,6327
PropertyPlantEquipment,PropertyPlantEquipmentClassesDimension,Non-standardPPEClass2ComponentTotalPropertyPlantEquipment,4057,652,2666
PropertyPlantEquipment,PropertyPlantEquipmentClassesDimension,Land,2310,414,1579
PropertyPlantEquipment,PropertyPlantEquipmentClassesDimension,Non-standardPPEClass3ComponentTotalPropertyPlantEquipment,2091,359,1380
PropertyPlantEquipment,PropertyPlantEquipmentClassesDimension,OtherVehicles,1677,325,1177
PropertyPlantEquipment,RestatementsFirstTimeAdoptionDimension,RestatedAmount,1603,1392,1599
PropertyPlantEquipment,PropertyPlantEquipmentClassesDimension,CommunicationNetworkEquipment,1391,366,1034
PropertyPlantEquipment,RestatementsFirstTimeAdoptionDimension,IncreaseDecreaseDueToTransitionFromPreviousStandard,1050,581,1048
PropertyPlantEquipment,RestatementsFirstTimeAdoptionDimension,PreviouslyStatedAmount,728,460,719
PropertyPlantEquipment,PropertyPlantEquipmentClassesDimension,TotalPropertyPlantEquipmentOtherThanExplorationEvaluationAssets,402,70,269
PropertyPlantEquipment,PropertyPlantEquipmentClassesDimension,ShipsBoats,346,72,245
PropertyPlantEquipment,ContinuingDiscontinuedOperationsDimension,ContinuingOperations,267,171,257
PropertyPlantEquipment,PPEOwnershipDimension,OwnedOrFreeholdAssets,242,118,218
PropertyPlantEquipment,PropertyPlantEquipmentClassesDimension,AssetsNotYetAvailableForUsePPE,201,104,180
PropertyPlantEquipment,PPEOwnershipDimension,LongLeaseholdAssets,188,180,186
PropertyPlantEquipment,PropertyPlantEquipmentClassesDimension,NetworkAssets,186,72,155
PropertyPlantEquipment,CharityFundsDimension,TotalEndowmentFunds,166,61,166
PropertyPlantEquipment,PropertyPlantEquipmentClassesDimension,Aircraft,157,34,105
PropertyPlantEquipment,PropertyPlantEquipmentClassesDimension,OilGasProductionAssets,76,71,74
PropertyPlantEquipment,PPEOwnershipDimension,AssetsHeldForUseUnderLeasesLessor,64,32,61
PropertyPlantEquipment,PPEOwnershipDimension,Right-of-useAssets,37,21,34
PropertyPlantEquipment,PPEOwnershipDimension,ShortLeaseholdAssets,31,14,28
PropertyPlantEquipment,RestatementsFirstTimeAdoptionDimension,AccountingPolicyChangeIncreaseDecrease,21,16,21
PropertyPlantEquipment,PropertyPlantEquipmentClassesDimension,TangibleExplorationEvaluationAssets,16,8,14
PropertyPlantEquipment,SegmentReconciliationDimension,OriginalSegmentValueBeforeAdjustments,16,6,14
PropertyPlantEquipment,CharityFundsDimension,UnrestrictedFundsGeneral,12,6,11
PropertyPlantEquipment,RestatementsFirstTimeAdoptionDimension,PriorPeriodErrorIncreaseDecrease,12,6,11
PropertyPlantEquipment,PropertyPlantEquipmentClassesDimension,Non-standardPPEClass4ComponentTotalPropertyPlantEquipment,12,10,12
PropertyPlantEquipment,ProductsServicesDimension,ProductService1,11,10,11
PropertyPlantEquipment,ProductsServicesDimension,ProductService2,10,9,10
PropertyPlantEquipment,RestatementsFirstTimeAdoptionDimension,PriorPeriodIncreaseDecrease,10,10,10
PropertyPlantEquipment,PropertyPlantEquipmentClassesDimension,OtherMiningAssets,10,8,10
PropertyPlantEquipment,PropertyPlantEquipmentClassesDimension,TotalMineProperties,7,3,6
PropertyPlantEquipment,PropertyPlantEquipmentClassesDimension,ProducingMines,6,6,6
PropertyPlantEquipment,CharityFundsDimension,RestrictedIncomeFunds,4,3,4
PropertyPlantEquipment,SegmentReconciliationDimension,DecreaseFromEliminationIntersegmentAmounts,4,1,3
PropertyPlantEquipment,SegmentReconciliationDimension,IncreaseDecreaseFromMaterialReconcilingItems,4,1,3
PropertyPlantEquipment,OriginalRevisedDataDimension,Revised,4,2,3
PropertyPlantEquipment,PropertyPlantEquipmentClassesDimension,OilDepotsStorageTanksServiceStations,3,2,3
PropertyPlantEquipment,RestatementsFirstTimeAdoptionDimension,CumulativeEffectDateInitialApplicationIncreaseDecrease,3,1,3
PropertyPlantEquipment,OperatingSegmentsDimension,TotalReportableOperatingSegmentsIncludingAnyUnallocatedAmount,2,1,2
PropertyPlantEquipment,GeographicSegmentsDimension,TotalGeographicSegmentsIncludingAnyUnallocatedAmount,2,1,2
PropertyPlantEquipment,PropertyPlantEquipmentClassesDimension,DeferredStrippingExpendituresForMineProperties,2,2,2
PropertyPlantEquipment,CharityFundsDimension,UnrestrictedFundsDesignated,2,2,2
PropertyPlantEquipment,ProductsServicesDimension,OtherProductsServices,1,1,1
PropertyPlantEquipment,PropertyPlantEquipmentClassesDimension,MiningAssetsUnderConstruction,1,1,1
PropertyPlantEquipment,ContinuingDiscontinuedOperationsDimension,Non-currentAssetsDisposalGroupsHeldForSale,1,1,1
PropertyPlantEquipment,CharityFundsDimension,EndowmentFundsExpendable,1,1,1
TotalAssetsLessCurrentLiabilities,OriginalRevisedDataDimension,Original,486331,250714,483616
TotalAssetsLessCurrentLiabilities,RestatementsFirstTimeAdoptionDimension,RestatedAmount,94523,39307,94495
TotalAssetsLessCurrentLiabilities,GroupCompanyDataDimension,Consolidated,14324,4311,11584
TotalAssetsLessCurrentLiabilities,CharityFundsDimension,TotalUnrestrictedFunds,8396,2639,8392
TotalAssetsLessCurrentLiabilities,CharityFundsDimension,TotalRestrictedIncomeFunds,8286,2534,8282
TotalAssetsLessCurrentLiabilities,RestatementsFirstTimeAdoptionDimension,IncreaseDecreaseDueToTransitionFromPreviousStandard,3262,1882,3258
TotalAssetsLessCurrentLiabilities,RestatementsFirstTimeAdoptionDimension,PreviouslyStatedAmount,1017,642,1012
TotalAssetsLessCurrentLiabilities,RestatementsDimension,RestatedAmount,336,324,335
TotalAssetsLessCurrentLiabilities,CharityFundsDimension,TotalEndowmentFunds,219,75,219
TotalAssetsLessCurrentLiabilities,ContinuingDiscontinuedOperationsDimension,ContinuingOperations,121,19,80
TotalAssetsLessCurrentLiabilities,GroupCompanyDimension,Consolidated,95,38,86
TotalAssetsLessCurrentLiabilities,RestatementsFirstTimeAdoptionDimension,PriorPeriodIncreaseDecrease,16,11,16
TotalAssetsLessCurrentLiabilities,RestatementsFirstTimeAdoptionDimension,AccountingPolicyChangeIncreaseDecrease,9,5,9
TotalAssetsLessCurrentLiabilities,RestatementsFirstTimeAdoptionDimension,CumulativeEffectDateInitialApplicationIncreaseDecrease,4,2,4
TotalAssetsLessCurrentLiabilities,RestatementsFirstTimeAdoptionDimension,PriorPeriodErrorIncreaseDecrease,4,2,4
TotalAssetsLessCurrentLiabilities,CharityFundsDimension,EndowmentFundsExpendable,2,1,2
TotalAssetsLessCurrentLiabilities,CharityFundsDimension,RestrictedIncomeFunds,2,1,2
TotalAssetsLessCurrentLiabilities,CharityFundsDimension,UnrestrictedFundsGeneral,2,1,2
TotalAssetsLessCurrentLiabilities,CharityFundsDimension,UnrestrictedFundsDesignated,2,1,2
TotalAssetsLessCurrentLiabilities,ProductsServicesDimension,OtherProductsServices,1,1,1
TotalAssetsLessCurrentLiabilities,OriginalRevisedDataDimension,Revised,1,1,1
TotalAssetsLessCurrentLiabilities,ContinuingDiscontinuedOperationsDimension,SpecificDiscontinuedOperation4,1,1,1
TotalAssetsLessCurrentLiabilities,ContinuingDiscontinuedOperationsDimension,SpecificDiscontinuedOperation3,1,1,1
